<?xml version="1.0" encoding="UTF-8"?>
<kml xmlns="http://www.opengis.net/kml/2.2" xmlns:gx="http://www.google.com/kml/ext/2.2" xmlns:kml="http://www.opengis.net/kml/2.2" xmlns:atom="http://www.w3.org/2005/Atom">
<Document id="root_doc">
	<name>historical_confirmed_fires.kmz</name>
	<open>1</open>
	<atom:link rel="app" href="https://www.google.com/earth/about/versions/#earth-pro" title="Google Earth Pro 7.3.7.1155"></atom:link>
	<StyleMap id="m_ylw-pushpin">
		<Pair>
			<key>normal</key>
			<styleUrl>#s_ylw-pushpin</styleUrl>
		</Pair>
		<Pair>
			<key>highlight</key>
			<styleUrl>#s_ylw-pushpin_hl</styleUrl>
		</Pair>
	</StyleMap>
	<Style id="s_ylw-pushpin">
		<IconStyle>
			<scale>1.1</scale>
			<Icon>
				<href>http://maps.google.com/mapfiles/kml/pushpin/ylw-pushpin.png</href>
			</Icon>
			<hotSpot x="20" y="2" xunits="pixels" yunits="pixels"/>
		</IconStyle>
	</Style>
	<Style id="s_ylw-pushpin_hl">
		<IconStyle>
			<scale>1.3</scale>
			<Icon>
				<href>http://maps.google.com/mapfiles/kml/pushpin/ylw-pushpin.png</href>
			</Icon>
			<hotSpot x="20" y="2" xunits="pixels" yunits="pixels"/>
		</IconStyle>
	</Style>
	<Folder>
		<name>file4fb958c2f046</name>
		<open>1</open>
		<Placemark>
			<name>joshua_1989</name>
			<description>JOSHUA (1989) — 531 ac | JT: 62%</description>
			<Style>
				<LineStyle>
					<color>ff0000ff</color>
				</LineStyle>
				<PolyStyle>
					<fill>0</fill>
				</PolyStyle>
			</Style>
			<Polygon>
				<outerBoundaryIs>
					<LinearRing>
						<coordinates>
							-116.356289041452,34.0904217832914,0 -116.360763797319,34.0897327032554,0 -116.363144011524,34.0911022870653,0 -116.365943498196,34.0930402625955,0 -116.368106637166,34.0967128951619,0 -116.367911075384,34.10095751721,0 -116.366106551947,34.1039490180843,0 -116.361695695064,34.105655489296,0 -116.355503820261,34.1049962635962,0 -116.351357047634,34.100981298051,0 -116.351036894684,34.0958894956769,0 -116.351847836373,34.0945529362174,0 -116.352421137235,34.0936079444092,0 -116.352961332553,34.0927171019249,0 -116.356289041452,34.0904217832914,0 
						</coordinates>
					</LinearRing>
				</outerBoundaryIs>
			</Polygon>
		</Placemark>
		<Placemark>
			<name>blackbrush_1987</name>
			<description>BLACKBRUSH (1987) — 124 ac | JT: 100%</description>
			<Style>
				<LineStyle>
					<color>ff0000ff</color>
				</LineStyle>
				<PolyStyle>
					<fill>0</fill>
				</PolyStyle>
			</Style>
			<Polygon>
				<outerBoundaryIs>
					<LinearRing>
						<coordinates>
							-116.287452896956,33.9946004561555,0 -116.287125186574,33.9941318884975,0 -116.287122684132,33.9938398473096,0 -116.286915761129,33.993490705923,0 -116.287015498879,33.9929847444479,0 -116.28723928285,33.9925956225304,0 -116.287515167299,33.9922731510062,0 -116.287723957531,33.9920161675092,0 -116.28805967149,33.9916721934433,0 -116.288488238165,33.9913180787977,0 -116.28886433688,33.9909304030351,0 -116.289180220418,33.9905862315601,0 -116.289171189031,33.9902831524598,0 -116.288976529453,33.9900002701154,0 -116.288682430376,33.9897385079669,0 -116.288628515497,33.9893302028329,0 -116.288872717359,33.9889027618644,0 -116.289217091506,33.9884156237738,0 -116.289539325142,33.988088072207,0 -116.289943005162,33.9876179307611,0 -116.290565030587,33.9871499358582,0 -116.291167191073,33.9866872491368,0 -116.291874798129,33.9862531816162,0 -116.292509538659,33.9858183489465,0 -116.292942276248,33.9856350476602,0 -116.293367614248,33.9855123215131,0 -116.293790727398,33.9855383846942,0 -116.294358620414,33.9856318717353,0 -116.294887488556,33.9856754507385,0 -116.29537564543,33.9857902383313,0 -116.295958072136,33.9862641130587,0 -116.296375940377,33.9866812887567,0 -116.296766913674,33.9871202339653,0 -116.2970484405,33.9873433160524,0 -116.297307947933,33.9877149070178,0 -116.297427492655,33.9881679252085,0 -116.297455674909,33.9885207991412,0 -116.297322828721,33.9890319916439,0 -116.2971921334,33.9893889832924,0 -116.297033946738,33.9898172635969,0 -116.296805189324,33.9900850746533,0 -116.296491398251,33.9902860631647,0 -116.296124333188,33.9905029999866,0 -116.295570808295,33.9908063307547,0 -116.294963996086,33.9911257054116,0 -116.294630204225,33.9913374975584,0 -116.294130701177,33.9915531809235,0 -116.29357904733,33.9917242990486,0 -116.293060482513,33.9918847773171,0 -116.292554729576,33.9920838260588,0 -116.292016027584,33.9922716034645,0 -116.291404799095,33.9924311200932,0 -116.291058833457,33.9925601306847,0 -116.290692691498,33.9927109505931,0 -116.290266513772,33.9928942686651,0 -116.289779722265,33.9931596906836,0 -116.289353064793,33.9933760158331,0 -116.289039144342,33.9935769798888,0 -116.288619048511,33.9937989288344,0 -116.288225024618,33.9940541123917,0 -116.287944023887,33.9942663390839,0 -116.287452896956,33.9946004561555,0 
						</coordinates>
					</LinearRing>
				</outerBoundaryIs>
			</Polygon>
		</Placemark>
		<Placemark>
			<name>mary_1984</name>
			<description>MARY (1984) — 328 ac | JT: 100%</description>
			<Style>
				<LineStyle>
					<color>ff0000ff</color>
				</LineStyle>
				<PolyStyle>
					<fill>0</fill>
				</PolyStyle>
			</Style>
			<Polygon>
				<outerBoundaryIs>
					<LinearRing>
						<coordinates>
							-117.998544797092,34.5150649623438,0 -117.998317686569,34.515384904627,0 -117.997999961175,34.5155489681613,0 -117.997873339385,34.5156804983101,0 -117.99770026754,34.5157625548888,0 -117.997707516322,34.5155976637246,0 -117.997713333823,34.5153957936108,0 -117.997680986798,34.5152034499181,0 -117.997481871841,34.5151864545679,0 -117.99721685824,34.515432723234,0 -117.996970834503,34.5155542432311,0 -117.996634249886,34.5154930162332,0 -117.996586700682,34.5153403354644,0 -117.996566744602,34.5149063071185,0 -117.996515159898,34.5145282395534,0 -117.996594910383,34.5140945160859,0 -117.996627528615,34.5138376934976,0 -117.996329068471,34.5137598294871,0 -117.996018722956,34.513771531404,0 -117.995739979775,34.513732322741,0 -117.995355164942,34.5136774682954,0 -117.994857379212,34.5136555129679,0 -117.99455214565,34.5135997010753,0 -117.994306680699,34.5135675619481,0 -117.99408919262,34.5135834943736,0 -117.993969670282,34.5131777346908,0 -117.993977136276,34.5129799504151,0 -117.993863790867,34.512656856791,0 -117.993836751252,34.5123764608032,0 -117.993903336114,34.5119165488536,0 -117.993976448784,34.5114825303743,0 -117.993978033005,34.5110718577442,0 -117.994050901963,34.5107368842432,0 -117.994163010855,34.5104952372435,0 -117.994216102312,34.5100683480919,0 -117.994164825425,34.5096449524049,0 -117.993952090841,34.5092886546137,0 -117.993654478776,34.5090417357707,0 -117.993481478947,34.5087294827961,0 -117.993462250283,34.5085480982542,0 -117.993501986889,34.5081539508488,0 -117.993575917489,34.5079177676187,0 -117.993568517389,34.5077089998494,0 -117.993575778176,34.5075660055671,0 -117.993495151691,34.5073693827103,0 -117.993535324523,34.5068860297176,0 -117.993575878255,34.506689454383,0 -117.993542429555,34.5063487449191,0 -117.993464179318,34.5059874088703,0 -117.993331538878,34.5055542020925,0 -117.993404094995,34.5052741057376,0 -117.993410701182,34.5048841573498,0 -117.993313019518,34.5044180379548,0 -117.993312353261,34.504150176369,0 -117.993306497381,34.5039577467444,0 -117.99321983854,34.5036058256715,0 -117.993107689701,34.5034365843023,0 -117.993060582226,34.5032166665024,0 -117.99319412459,34.5030356092022,0 -117.993173319221,34.5028226319939,0 -117.993094193539,34.5026739857333,0 -117.992995680771,34.502431986988,0 -117.993319423786,34.5023888942114,0 -117.99349858598,34.5024005002894,0 -117.993696062712,34.5023907144194,0 -117.993737626461,34.502388641822,0 -117.993989991743,34.5023454764496,0 -117.994222506389,34.5023075473208,0 -117.994387034811,34.5022310301182,0 -117.994387740174,34.5020499745182,0 -117.994360578525,34.501830048262,0 -117.994487266379,34.5017205124558,0 -117.994394808,34.5015566645787,0 -117.994278887775,34.5015562572348,0 -117.994175598128,34.5015558923894,0 -117.993950154151,34.5015223903757,0 -117.99379796598,34.5014188750794,0 -117.993599087518,34.5013305855168,0 -117.993400667721,34.5011775983828,0 -117.993221465205,34.5011549905713,0 -117.99298984682,34.5010006002894,0 -117.992750856073,34.5009848820733,0 -117.99237239762,34.5010165555465,0 -117.992193295994,34.5009899895328,0 -117.992107507727,34.500863391198,0 -117.991928930353,34.5007104750405,0 -117.99171663128,34.5006822414417,0 -117.991544123175,34.5006708383273,0 -117.991319728214,34.5007746947616,0 -117.991186255425,34.5009447651063,0 -117.990961909323,34.5010168972271,0 -117.991027410761,34.5008248128387,0 -117.991001810308,34.5005993230828,0 -117.990735504472,34.5004128739753,0 -117.990432036739,34.5003409522809,0 -117.990271440553,34.5002429643894,0 -117.990106241068,34.5000611617733,0 -117.989794949075,34.49989113908,0 -117.989655892731,34.499802902134,0 -117.989496751089,34.499754500929,0 -117.989377922734,34.499616692936,0 -117.989537411505,34.4995622597965,0 -117.989973683308,34.4996004627905,0 -117.990246918425,34.4997549531055,0 -117.990392635528,34.4998256458555,0 -117.990729509799,34.4998431799285,0 -117.990928493881,34.4998421576863,0 -117.990942671502,34.4998416852236,0 -117.991459497733,34.4998271323142,0 -117.991724268849,34.5000354590765,0 -117.991949594183,34.5000949226311,0 -117.992162131171,34.5001011682728,0 -117.992354411598,34.5001236392031,0 -117.99257309636,34.5002549123217,0 -117.992838159513,34.5003157920728,0 -117.993295549471,34.5004697156595,0 -117.993494526379,34.5005458423415,0 -117.993712034728,34.500502330474,0 -117.993890735286,34.5006293806434,0 -117.99413587511,34.5007494775359,0 -117.994334949292,34.5007663986645,0 -117.994401322275,34.5008297446709,0 -117.994453967813,34.5008799650512,0 -117.994460675527,34.500886388571,0 -117.994640718642,34.5010463588632,0 -117.994858342792,34.5010195220119,0 -117.994971591504,34.5008986658522,0 -117.995150933121,34.5008815231878,0 -117.995449389262,34.5009152202794,0 -117.995350282298,34.500794075752,0 -117.995534841947,34.5007012221811,0 -117.995673833639,34.500838848836,0 -117.995668107683,34.5010243177016,0 -117.995654015562,34.5012220731242,0 -117.995694687915,34.5014420569858,0 -117.995852641115,34.5017762069525,0 -117.996197194199,34.5019460820865,0 -117.996422883962,34.5019193886854,0 -117.996733750002,34.5021662654753,0 -117.997046484972,34.5024129946412,0 -117.997165629999,34.5025176340434,0 -117.997317644025,34.5026706244047,0 -117.997403431789,34.5027972184266,0 -117.997410447693,34.5030938511203,0 -117.997569286765,34.5032357801637,0 -117.997821331998,34.5033080431626,0 -117.998198420682,34.5036374669126,0 -117.998363671622,34.5037629127441,0 -117.99852958429,34.5038070925136,0 -117.998834724411,34.5038397282689,0 -117.999073295047,34.5039227530018,0 -117.999232389467,34.5039782514725,0 -117.999398159179,34.5040707313318,0 -117.999583520419,34.5041426409931,0 -117.999802410455,34.5042075667439,0 -117.999968136688,34.504263179901,0 -118.000113615029,34.504395497986,0 -118.000405319322,34.5045101763103,0 -118.000624137916,34.5045438273375,0 -118.000909367994,34.5046090078632,0 -118.000888743908,34.5047684357491,0 -118.001140504072,34.5049161278126,0 -118.001432200465,34.5050102591014,0 -118.001672859874,34.5050674494554,0 -118.001823520158,34.5051032380484,0 -118.002254648414,34.5052076453199,0 -118.002459977969,34.5052960307252,0 -118.002691892196,34.5054270569695,0 -118.003096009799,34.505608134246,0 -118.003274718423,34.5057405700561,0 -118.003391013988,34.5058249754424,0 -118.003554385863,34.5059434517046,0 -118.003733354104,34.5060315557558,0 -118.004096433708,34.5060916833412,0 -118.004560791041,34.5061961141983,0 -118.004749598561,34.5062919611709,0 -118.004819198329,34.5063273276972,0 -118.005005903695,34.5064710844276,0 -118.005019366111,34.5064815038516,0 -118.005365446662,34.5065630489946,0 -118.005461961757,34.5065858153264,0 -118.005647519867,34.506701704896,0 -118.005794651922,34.5068546782228,0 -118.005824182468,34.5068676347686,0 -118.006046391483,34.5069652340825,0 -118.006333568245,34.5069805942983,0 -118.006343361929,34.5069811179505,0 -118.006344580768,34.5069844801037,0 -118.00640405882,34.5071736939921,0 -118.006456568957,34.5073370990552,0 -118.006615590914,34.5074254877176,0 -118.006669549212,34.5076346060023,0 -118.006874885865,34.5077271361957,0 -118.007060280695,34.5078759134925,0 -118.007232582794,34.507913602286,0 -118.007457024617,34.5078206232227,0 -118.007549932418,34.5078096163207,0 -118.007775838668,34.5077829979858,0 -118.008060451258,34.5080023467676,0 -118.008048122664,34.508183467419,0 -118.00789991903,34.5083161661265,0 -118.007821641735,34.5083862740566,0 -118.007709677437,34.5085726898167,0 -118.007642658281,34.5087870099476,0 -118.007689145134,34.5091703061268,0 -118.00770747877,34.5092079339678,0 -118.007814236658,34.5094276214628,0 -118.007894940164,34.5096092755454,0 -118.008053474663,34.5098075043516,0 -118.00830524536,34.5099386037972,0 -118.008324512479,34.5100980888556,0 -118.008212449173,34.5103394812463,0 -118.007906383626,34.5104924164723,0 -118.007608922001,34.5106072026632,0 -118.007488993559,34.5106478372088,0 -118.007223307942,34.5107379316408,0 -118.007078681686,34.5108159907137,0 -118.006865752335,34.5109526950492,0 -118.006587631388,34.5111938134355,0 -118.006420684489,34.5114075678729,0 -118.006136252122,34.511588182515,0 -118.005772363658,34.5117303744316,0 -118.005459757457,34.5118185687149,0 -118.005049516537,34.5119109263999,0 -118.004797011066,34.5119926953554,0 -118.004339388515,34.5123280077277,0 -118.004127708991,34.5125307957595,0 -118.004040888898,34.5126791582765,0 -118.00390749695,34.5128378797809,0 -118.003682348321,34.5130735983754,0 -118.003562368151,34.5132272509749,0 -118.003459477368,34.5132878217057,0 -118.00335769621,34.5133476059549,0 -118.003140197346,34.5133638184892,0 -118.003081240073,34.5133681970594,0 -118.003072281938,34.5133688521171,0 -118.002780303973,34.5133144665639,0 -118.002389138722,34.5131882452271,0 -118.002273515925,34.5131964953481,0 -118.002163358354,34.5132043124784,0 -118.002037803091,34.5134487006394,0 -118.002011202516,34.5135005094674,0 -118.001892260122,34.5137845739463,0 -118.001619556845,34.5139225778041,0 -118.001441892972,34.5139329070175,0 -118.001324348641,34.5139525757743,0 -118.001309457878,34.5139550207737,0 -118.001010027226,34.5140048664371,0 -118.000698014681,34.5140093365446,0 -118.000360927371,34.5140318475952,0 -118.000021856017,34.514195812961,0 -117.999624409128,34.5143704757312,0 -117.999233602643,34.5145633699545,0 -117.999027442134,34.5146561202132,0 -117.998868963992,34.5147765471802,0 -117.998609573904,34.5149738162712,0 -117.998544797092,34.5150649623438,0 
						</coordinates>
					</LinearRing>
				</outerBoundaryIs>
			</Polygon>
		</Placemark>
		<Placemark>
			<name>beacon_1993</name>
			<description>Beacon (1993) — 3687 ac | JT: 93%</description>
			<Style>
				<LineStyle>
					<color>ff0000ff</color>
				</LineStyle>
				<PolyStyle>
					<fill>0</fill>
				</PolyStyle>
			</Style>
			<Polygon>
				<outerBoundaryIs>
					<LinearRing>
						<coordinates>
							-114.304374555842,36.930859650273,0 -114.303670008962,36.9306791567593,0 -114.302300478802,36.9307740122017,0 -114.300550244422,36.930811831985,0 -114.300498698192,36.9300113760163,0 -114.300062916465,36.9297318510632,0 -114.298536589864,36.9300817060775,0 -114.297973323723,36.9298794885757,0 -114.296932986589,36.9292308531063,0 -114.296640268757,36.9286406510568,0 -114.296657608039,36.9281183254186,0 -114.295544888252,36.9277694976225,0 -114.294151457516,36.9271750552912,0 -114.29375881199,36.9267734107307,0 -114.293252447834,36.9265047024273,0 -114.292524039903,36.9256349364236,0 -114.291070195668,36.9256848800246,0 -114.289771368311,36.9257687514774,0 -114.289610912133,36.9266017339362,0 -114.29017593987,36.9265150131845,0 -114.290580521311,36.9272612740497,0 -114.289591710644,36.927413036867,0 -114.288408403937,36.9270749832992,0 -114.286255535663,36.9260773519852,0 -114.285122695411,36.9244612671036,0 -114.28457876371,36.9234476845534,0 -114.285278585453,36.9221277771335,0 -114.284438413625,36.921101914452,0 -114.28468512963,36.9200247505691,0 -114.284886902022,36.9193586568845,0 -114.283271764379,36.9181630132107,0 -114.282937927962,36.9174058902182,0 -114.281829114949,36.9164789784667,0 -114.281381571579,36.9158547784595,0 -114.28062404925,36.9151626571872,0 -114.279974721809,36.9152045390994,0 -114.279262184414,36.9141013398916,0 -114.278673439357,36.9134987962491,0 -114.27795350703,36.9135515015366,0 -114.278049772293,36.9139409029971,0 -114.275564364769,36.9142644109332,0 -114.274930661726,36.914072917844,0 -114.273770727387,36.9150376411978,0 -114.271525868933,36.9169045979549,0 -114.271367111469,36.9174485817517,0 -114.26995276436,36.9179541358287,0 -114.269650854068,36.9188087522936,0 -114.269309588583,36.9192074999856,0 -114.268575849151,36.919204519505,0 -114.267220230301,36.9193546070298,0 -114.266865203525,36.9196977170864,0 -114.266115811847,36.9199280683442,0 -114.266000144771,36.9203499577607,0 -114.264881958736,36.9208677776623,0 -114.263977550179,36.9210641358146,0 -114.263571356262,36.9206067610259,0 -114.260759737221,36.9190168782628,0 -114.259731682752,36.9187125274521,0 -114.25959814549,36.917578263548,0 -114.26029257734,36.9171254284705,0 -114.260227730655,36.9162693193627,0 -114.260951547297,36.9156387656871,0 -114.261127962046,36.9145724704885,0 -114.262059779998,36.914487393736,0 -114.26203613634,36.913798177542,0 -114.262828619304,36.9134457648431,0 -114.263132499602,36.9123021873096,0 -114.263503161556,36.9117257388755,0 -114.263530294271,36.909758521126,0 -114.263816583758,36.9091372656688,0 -114.264693364629,36.9088296460197,0 -114.266570589349,36.9087150621061,0 -114.267371045759,36.9092851865564,0 -114.269432633522,36.9090268166598,0 -114.270109405393,36.9090962509844,0 -114.270933059897,36.9082770875653,0 -114.273404539941,36.9078980451678,0 -114.273985707709,36.9096565300226,0 -114.27517054245,36.9097057485726,0 -114.276906543923,36.9096126669251,0 -114.277128823057,36.9094778919108,0 -114.277671409082,36.9091488989782,0 -114.27747703701,36.9086590701849,0 -114.276807709479,36.9074337611147,0 -114.277148882437,36.907034989937,0 -114.276977574611,36.9051558919078,0 -114.276960365585,36.9051585324536,0 -114.276271470051,36.905264216704,0 -114.275621832692,36.9047114277033,0 -114.272763683614,36.9038218615485,0 -114.271767045027,36.9030509118202,0 -114.270870407796,36.9020914058124,0 -114.270032545537,36.9007764540018,0 -114.269842021849,36.8997086493623,0 -114.269651502652,36.8986408455855,0 -114.266856662343,36.8988962291504,0 -114.267260406554,36.8975640864811,0 -114.267752274596,36.8956987843098,0 -114.268515160767,36.8955240518475,0 -114.26923921636,36.8969719345893,0 -114.269912102119,36.8976193315152,0 -114.270971162838,36.8974568987452,0 -114.271450331397,36.8996929342615,0 -114.272909922156,36.9008547762131,0 -114.271848937245,36.9013062058007,0 -114.27240628259,36.9023754844014,0 -114.272671213734,36.9028544936433,0 -114.273532264205,36.9027801588505,0 -114.276278527216,36.9035136515446,0 -114.277465124451,36.9032738692166,0 -114.278157457837,36.9031099083621,0 -114.278176777006,36.9022985982906,0 -114.278784741519,36.9020898383743,0 -114.278674736524,36.9016448046137,0 -114.279733836769,36.9014822956459,0 -114.280987304594,36.901809602623,0 -114.281461419232,36.9004665794582,0 -114.282492989707,36.9001927886827,0 -114.282792839264,36.8996271134131,0 -114.283498879144,36.8995187497239,0 -114.28436171367,36.8991553574779,0 -114.285279558328,36.8990144728616,0 -114.285705969729,36.9007389569517,0 -114.28625705202,36.9005966248834,0 -114.286825533779,36.8999319591869,0 -114.287476544662,36.8996010587579,0 -114.288111976063,36.8995035079922,0 -114.28890599874,36.8988619423334,0 -114.289121436304,36.898251463008,0 -114.289025133313,36.8978620662312,0 -114.287175725823,36.8980882564439,0 -114.286814427907,36.8972198790108,0 -114.287031698035,36.8963204229032,0 -114.285549082558,36.8965480228782,0 -114.285170398648,36.896201973146,0 -114.284015112192,36.8959751293399,0 -114.283326531069,36.8955611627999,0 -114.282700320874,36.8942137852234,0 -114.28172936602,36.8938431525562,0 -114.281481846921,36.8928418291486,0 -114.281938461478,36.8920211312077,0 -114.281537844303,36.890696866396,0 -114.280866765955,36.8897605523124,0 -114.280236951719,36.888991120921,0 -114.279938170259,36.8871893105487,0 -114.280057405443,36.8861894367284,0 -114.27876218572,36.8836167245868,0 -114.280160229305,36.8833444110127,0 -114.280652505183,36.8835575498713,0 -114.28137214915,36.8835048281762,0 -114.281997383774,36.8827737140851,0 -114.283114882598,36.8822557261451,0 -114.286687328871,36.8815917615451,0 -114.288021989126,36.8801742636563,0 -114.288968915844,36.8798556252848,0 -114.288056766504,36.8791295902843,0 -114.287821144693,36.878472884819,0 -114.287205107021,36.8777591143021,0 -114.287589165551,36.8772382108287,0 -114.288257364799,36.8763849661579,0 -114.288274750793,36.8758626283362,0 -114.289197741899,36.8748547611798,0 -114.29020142238,36.8744696436627,0 -114.29012794558,36.8726909530415,0 -114.291357078942,36.8723289314264,0 -114.291599925902,36.8718296965447,0 -114.292168144456,36.8711649959611,0 -114.293101184117,36.8707906941158,0 -114.293624520144,36.8705370699156,0 -114.29423756463,36.8694612762699,0 -114.295270450238,36.8688983859053,0 -114.297289556671,36.8684726510083,0 -114.297337956102,36.8674835961219,0 -114.298396531731,36.8673209195649,0 -114.298859462343,36.8677117161422,0 -114.300131521701,36.8672275023474,0 -114.301634333103,36.8658994074115,0 -114.303293748707,36.864316237319,0 -114.304711740281,36.8632378707603,0 -114.305360602394,36.863195855396,0 -114.306019733149,36.8637874333921,0 -114.306775225286,36.8647683968434,0 -114.305188194131,36.8660517788482,0 -114.303842104611,36.8671248636548,0 -114.303177684575,36.8674002305026,0 -114.302112066154,36.8687188862984,0 -114.301531961093,36.8690390235443,0 -114.30096737892,36.8691257988522,0 -114.300850217946,36.8698367165071,0 -114.30045252838,36.8703020363104,0 -114.299333554523,36.8711091719618,0 -114.298269594392,36.8721388084517,0 -114.299040604027,36.8728864600113,0 -114.299644726446,36.8732555595536,0 -114.300031808705,36.8745241472778,0 -114.301161055696,36.8743506016417,0 -114.301945880522,36.8751538614883,0 -114.30344851765,36.8761932457863,0 -114.303808150988,36.8773505662544,0 -114.304634330656,36.87832068762,0 -114.306961747878,36.8782516327251,0 -114.306700175535,36.8771947264745,0 -114.306006616847,36.8752803405027,0 -114.304590058086,36.8739967815257,0 -114.305268295109,36.8737770363372,0 -114.305974060105,36.8736685403756,0 -114.306586751553,36.8749601834219,0 -114.308351182908,36.8746889176081,0 -114.309404630953,36.8753930976319,0 -114.309612894572,36.875938509892,0 -114.310087973102,36.8766738708901,0 -114.310855755989,36.8756319169579,0 -114.310711212568,36.8738640915532,0 -114.310716403034,36.872997139542,0 -114.309960775251,36.8720162041311,0 -114.309174161879,36.8715019807482,0 -114.308995185135,36.8707788343358,0 -114.309532234843,36.8705807679047,0 -114.309817993426,36.8699593904416,0 -114.310229391284,36.8695496673543,0 -114.309530717588,36.8661347427551,0 -114.310250172011,36.8660818480464,0 -114.311136510956,36.8687749880109,0 -114.312955861714,36.8687261591708,0 -114.313303554645,36.8695388436831,0 -114.313396508717,36.8705061961494,0 -114.313844047595,36.8711302913756,0 -114.314415538711,36.8722550189242,0 -114.315086878469,36.873191154589,0 -114.316052601535,36.874428473811,0 -114.316825520091,36.8748870280013,0 -114.317643177442,36.8749344853984,0 -114.318173429598,36.8758923156915,0 -114.318650291284,36.8763386586901,0 -114.319378522247,36.8772082875826,0 -114.321237715085,36.8776151929997,0 -114.321262553502,36.8776765316501,0 -114.321501857507,36.8782674916435,0 -114.322348799039,36.878137181824,0 -114.324099468204,36.8778100607656,0 -114.324018468013,36.8771873286563,0 -114.325080472511,36.8764464516702,0 -114.325791250107,36.8754708882553,0 -114.325346932588,36.8742688697328,0 -114.325064865182,36.873403920796,0 -114.325042100076,36.8733341119351,0 -114.325050474171,36.8718891900787,0 -114.324609541504,36.8701091975424,0 -114.32566976644,36.8696572974383,0 -114.326446033914,36.8695378203175,0 -114.327056931427,36.8687508438121,0 -114.326850228181,36.8679164750885,0 -114.326944580032,36.8662273254761,0 -114.32778092324,36.8654633827925,0 -114.328543360252,36.8652882670641,0 -114.32920269223,36.8658797174635,0 -114.329444820538,36.8665702992734,0 -114.329452419387,36.8665919718907,0 -114.330187844958,36.8686731024008,0 -114.329525149688,36.8695202484671,0 -114.329520193682,36.8695265834175,0 -114.329286412519,36.8709484736422,0 -114.328205758097,36.8725007188619,0 -114.327849571596,36.87313300158,0 -114.327906147492,36.8733613476244,0 -114.328111427806,36.8741898648685,0 -114.329101116128,36.8737487983268,0 -114.329665700995,36.8736618902959,0 -114.330681288645,36.8736210433866,0 -114.33085495904,36.8728436091622,0 -114.331295476686,36.8722560781849,0 -114.331496705598,36.8715898894225,0 -114.331474087816,36.870611687634,0 -114.332673771708,36.8704269811417,0 -114.333644673562,36.8707972079031,0 -114.334021813268,36.8714320946922,0 -114.333283610107,36.8722964608707,0 -114.333278681051,36.8731634143667,0 -114.333724760166,36.8740764196877,0 -114.333792052066,36.8746435224622,0 -114.332888383721,36.8748404012829,0 -114.332056930942,36.8747374235755,0 -114.332387781359,36.8760723948758,0 -114.331146651895,36.8760902260687,0 -114.331227709578,36.8767129534702,0 -114.330492728674,36.8769993340085,0 -114.330546213467,36.8775108127713,0 -114.329513474284,36.8780740025537,0 -114.328962640826,36.8782165332694,0 -114.329169395276,36.8790508944014,0 -114.330000891174,36.8791538907242,0 -114.331280126275,36.8798809099185,0 -114.331910386973,36.8806500781571,0 -114.332089608957,36.881373186442,0 -114.331788555657,36.8822279719703,0 -114.331363421661,36.8825821433988,0 -114.330516446892,36.8827125146127,0 -114.328936083033,36.8828402679976,0 -114.328987901452,36.8836407290044,0 -114.328755725579,36.8847736264712,0 -114.327844669489,36.8853539328504,0 -114.327679856482,36.8854589094961,0 -114.327296035107,36.8859799379572,0 -114.326507486764,36.8857548118905,0 -114.32595491866,36.8861863119764,0 -114.325307541462,36.8859394554497,0 -114.325340126951,36.8851837557618,0 -114.324215808118,36.8844905788184,0 -114.324110594737,36.8831786340176,0 -114.324861722858,36.8830110021395,0 -114.324943805519,36.8829926832444,0 -114.32476632447,36.8819805824239,0 -114.323650797449,36.8822099726359,0 -114.323287472035,36.8816306820922,0 -114.32125438063,36.882001225315,0 -114.321001328807,36.8824792767247,0 -114.320655400168,36.8831327754377,0 -114.319593259125,36.883873610551,0 -114.318183275134,36.8838017742514,0 -114.317522168085,36.8834992502726,0 -114.316931650652,36.8831858674313,0 -114.315872890868,36.8833487056408,0 -114.316179359212,36.8839944979759,0 -114.317148650387,36.8846538374498,0 -114.317398325442,36.8853661101028,0 -114.316804379139,36.8856306911098,0 -114.316899104689,36.8863090516195,0 -114.31740357879,36.886866647715,0 -114.318109449787,36.8867580819741,0 -114.318388395547,36.8872926184959,0 -114.317990722151,36.8877579921749,0 -114.31874661314,36.8887388698133,0 -114.3185607023,36.8891716728649,0 -114.317517344132,36.8891011671301,0 -114.317279727163,36.8887335035237,0 -114.3165376325,36.8878082422232,0 -114.315847234983,36.8876834422202,0 -114.315554528829,36.8870932743038,0 -114.314877915961,36.8870240937027,0 -114.314616199888,36.885967208994,0 -114.315535538444,36.8855371116288,0 -114.315495925435,36.8850812525657,0 -114.314352776117,36.8851993057191,0 -114.313736430323,36.8844856742353,0 -114.31224035898,36.8846579789609,0 -114.312278226563,36.8854028207561,0 -114.310794175578,36.8859197153427,0 -114.309792180337,36.886016020346,0 -114.309084567506,36.8864135196931,0 -114.309137913061,36.8869250065329,0 -114.308092853483,36.8871434026465,0 -114.307521344401,36.886018652932,0 -114.306973899389,36.8855831182136,0 -114.30650557619,36.8860593042451,0 -114.30540195005,36.8866331344,0 -114.303990171224,36.8868501144808,0 -114.304763143678,36.8873087420959,0 -114.305789199396,36.8879016946231,0 -114.306238527718,36.8882368316383,0 -114.305880329888,36.8891580262279,0 -114.304921340593,36.8891321892878,0 -114.304776651645,36.8897318503355,0 -114.305479066824,36.8902013216174,0 -114.306889158613,36.8902733078017,0 -114.307576078752,36.890976122031,0 -114.306782300417,36.8916178136108,0 -114.305666574868,36.8918470369274,0 -114.305074288652,36.8918225788767,0 -114.304936606563,36.8912663136273,0 -114.30420138491,36.8915525311004,0 -114.304268467502,36.892119644193,0 -114.303715723328,36.8925510407715,0 -114.303937761714,36.8931520852474,0 -114.304387111595,36.8934872279502,0 -114.305671593755,36.8933475700097,0 -114.305356423431,36.8941466585834,0 -114.304758857816,36.894989142632,0 -114.303374455148,36.8953173661355,0 -114.302806154849,36.8959821115356,0 -114.30394772942,36.89615314891,0 -114.304057876349,36.8965981608171,0 -114.303572182427,36.8975966684196,0 -114.302878195243,36.8980497559225,0 -114.303193099666,36.8996181459692,0 -114.303415154221,36.9002191893887,0 -114.304021276289,36.9002992815077,0 -114.304031530558,36.9009328691871,0 -114.304904792727,36.9020921076396,0 -114.304520727011,36.902613059207,0 -114.303673479154,36.9027432410511,0 -114.303585590681,36.903276423627,0 -114.302724563566,36.9033509712826,0 -114.301727622247,36.9025802696537,0 -114.301362599018,36.9022898991041,0 -114.300773769519,36.9016874589939,0 -114.300155646857,36.9012627437739,0 -114.299661425228,36.9013386654576,0 -114.299037981845,36.9017808850631,0 -114.29833859309,36.9031008838603,0 -114.297263965466,36.9034969092885,0 -114.296440650524,36.9043162547695,0 -114.295903324136,36.9045142595582,0 -114.295000986196,36.9044218726639,0 -114.29245551821,36.9053901588208,0 -114.291506478655,36.9059978004483,0 -114.290554234809,36.9064487600039,0 -114.29006315459,36.9066813176885,0 -114.288645506172,36.9077650520895,0 -114.288021946007,36.908207213619,0 -114.28659412866,36.9086573383939,0 -114.286364884888,36.9092121818229,0 -114.286333719636,36.9096788835501,0 -114.287208592484,36.9096600790343,0 -114.287809315678,36.9106071887842,0 -114.28872547869,36.9107552576576,0 -114.289949809659,36.911260193864,0 -114.291001791654,36.9122534997878,0 -114.292083128795,36.9130690738083,0 -114.292539106447,36.9146157978064,0 -114.293002297571,36.9150066073052,0 -114.293139933845,36.9155628790622,0 -114.293980164063,36.9165886841082,0 -114.293778480604,36.917254793369,0 -114.293984950287,36.9180891996642,0 -114.293726405267,36.9188217788562,0 -114.294192626407,36.9210020736396,0 -114.294853970611,36.9213047197169,0 -114.294676226356,36.9226600378447,0 -114.294955138878,36.9231946202119,0 -114.294570896194,36.9237155346751,0 -114.294229740303,36.9241143522215,0 -114.295521373952,36.9251863402071,0 -114.296432370753,36.9262012798744,0 -114.296980052022,36.9266368535111,0 -114.297755173246,36.9268065410438,0 -114.29830642442,36.926664155639,0 -114.299224580794,36.9265231674283,0 -114.300874775191,36.92667393784,0 -114.30172406402,36.9262548000689,0 -114.302587117735,36.9258912816786,0 -114.303730906653,36.9257733424587,0 -114.304533583699,36.9260542377441,0 -114.305350040901,36.9263907533155,0 -114.307143240803,36.9262307623767,0 -114.308626379999,36.9260029005062,0 -114.309806309039,36.926445220577,0 -114.311294629717,36.9253503950823,0 -114.312000873516,36.9252418661364,0 -114.312887978723,36.9255674776452,0 -114.313094685562,36.9264018482754,0 -114.313342740056,36.9274030910316,0 -114.313502951892,36.9289375155796,0 -114.312596849113,36.929423212928,0 -114.31287246931,36.9305357064922,0 -114.313645947516,36.9309942675829,0 -114.31382339353,36.9320063610592,0 -114.313904368568,36.9326290839198,0 -114.314066321339,36.9338745265848,0 -114.311564897752,36.9344321262262,0 -114.310955031506,36.9349300239662,0 -114.310936059087,36.9357413251412,0 -114.309990252569,36.9357711529173,0 -114.30923052757,36.9353681936895,0 -114.308372618507,36.9348648323691,0 -114.307556055304,36.9345283384092,0 -114.307502687291,36.9340168619013,0 -114.308157386657,36.9331079046093,0 -114.306930829663,36.932892134589,0 -114.30621947445,36.9315001275069,0 -114.305387429682,36.9313969691692,0 -114.304374555842,36.930859650273,0 
						</coordinates>
					</LinearRing>
				</outerBoundaryIs>
			</Polygon>
		</Placemark>
		<Placemark>
			<name>bunker_1993</name>
			<description>Bunker (1993) — 3513 ac | JT: 100%</description>
			<Style>
				<LineStyle>
					<color>ff0000ff</color>
				</LineStyle>
				<PolyStyle>
					<fill>0</fill>
				</PolyStyle>
			</Style>
			<Polygon>
				<outerBoundaryIs>
					<LinearRing>
						<coordinates>
							-114.085725966754,36.7277568472835,0 -114.085275388875,36.7262092013047,0 -114.084768527053,36.7262285931071,0 -114.083632640614,36.7257664652462,0 -114.08255105913,36.7255269527788,0 -114.081637036803,36.7238766398552,0 -114.081132802553,36.7236070143302,0 -114.080403092064,36.7218132205427,0 -114.080161439863,36.7205223960332,0 -114.079212540445,36.7196277541971,0 -114.078138927018,36.7185211924536,0 -114.07760760407,36.718140238659,0 -114.077152001016,36.717170559155,0 -114.076284577896,36.7166098359126,0 -114.075355008427,36.7166934845938,0 -114.075490668408,36.7172500588123,0 -114.074474424988,36.7175777618926,0 -114.073169959805,36.7140243033251,0 -114.072402833586,36.7132751479922,0 -114.07124771781,36.710333898738,0 -114.070727573498,36.7102603936639,0 -114.070263977234,36.7101948764434,0 -114.070019882514,36.7091930286042,0 -114.069802916016,36.708302495188,0 -114.069917258077,36.7080636131484,0 -114.07019026777,36.7074932378838,0 -114.06935012918,36.7070437790834,0 -114.069079483853,36.7067946643634,0 -114.068596670829,36.7063502550353,0 -114.067892137423,36.706457369934,0 -114.067423416271,36.7069326701507,0 -114.066599750987,36.7077505236023,0 -114.065738067203,36.7081123925263,0 -114.065591608574,36.707211141836,0 -114.066060342303,36.7067358491031,0 -114.065602286848,36.706055125105,0 -114.065453164714,36.705442877855,0 -114.065033119674,36.7052181309043,0 -114.063778523565,36.705466557186,0 -114.062160780808,36.7054238466651,0 -114.061746245135,36.7061217607091,0 -114.062545813111,36.7079049749912,0 -114.063017562485,36.7101420468108,0 -114.06315863751,36.7116213060004,0 -114.062042161868,36.7121372985617,0 -114.060435037197,36.7109385512623,0 -114.059865888887,36.7101015360743,0 -114.059204660566,36.7100865741813,0 -114.058346504467,36.7095249573714,0 -114.057987866463,36.709290243819,0 -114.057746640063,36.7079993665995,0 -114.057988687523,36.7077751103622,0 -114.058342789035,36.707447034188,0 -114.058326380408,36.7071003572265,0 -114.058307528363,36.7067020472504,0 -114.057616481365,36.7053640818562,0 -114.058318256943,36.7040453494098,0 -114.058215247129,36.7030220633073,0 -114.058288334959,36.701221669739,0 -114.058608022911,36.7001341469377,0 -114.058727209586,36.6994234048411,0 -114.058890060672,36.6993193613845,0 -114.059675520607,36.6988175330694,0 -114.060369131398,36.6983658008022,0 -114.062059849696,36.6981088229115,0 -114.062745399005,36.6985240941973,0 -114.06415165409,36.6985989235318,0 -114.065165014816,36.6985603096395,0 -114.065677032968,36.6979629885507,0 -114.066102374475,36.6976097229985,0 -114.06779837846,36.6967746521646,0 -114.070334360237,36.6963890196467,0 -114.070662111466,36.6959351324208,0 -114.070583410064,36.6953121752213,0 -114.070434268168,36.6946999295532,0 -114.071653276618,36.6937064456101,0 -114.072850768621,36.6935243094684,0 -114.073319372094,36.6930489846815,0 -114.07487997661,36.6931579196157,0 -114.074665633193,36.6919783818896,0 -114.074329251848,36.6902979174729,0 -114.075114989363,36.6905247134637,0 -114.075865719531,36.6915072095945,0 -114.0766127163,36.6913097936739,0 -114.07689516549,36.6912351474116,0 -114.077567170001,36.6915946766773,0 -114.078002312128,36.6918832596469,0 -114.078615812958,36.6922901224163,0 -114.078699885387,36.6923458765699,0 -114.07984880189,36.6928637172173,0 -114.08026048092,36.6924547411888,0 -114.079590584755,36.6903055292864,0 -114.080402963605,36.6891429127455,0 -114.081004427909,36.6892130033947,0 -114.080771214481,36.6885558310853,0 -114.081532429785,36.6883822629056,0 -114.081342516951,36.6876030561852,0 -114.082260758665,36.6871746944643,0 -114.082181971923,36.6865517419258,0 -114.083097594149,36.6864123812615,0 -114.085772031463,36.6877946834315,0 -114.086405930339,36.6876981851634,0 -114.087974192094,36.6869399270681,0 -114.087329316704,36.686691769402,0 -114.086551346922,36.6855980287517,0 -114.085890329705,36.6855832140896,0 -114.084359598664,36.6852967290109,0 -114.083408492984,36.684691111153,0 -114.081839701223,36.683948612367,0 -114.08078324472,36.6841094020811,0 -114.080512474527,36.6844969432733,0 -114.079680864542,36.6846812230691,0 -114.079452907157,36.6834460303212,0 -114.078401692324,36.6830287822081,0 -114.077984354806,36.682515071005,0 -114.078441913492,36.6816950572425,0 -114.078179001761,36.6812155694927,0 -114.077193004617,36.6813656097428,0 -114.075800618622,36.6813465884415,0 -114.074876751658,36.680852220269,0 -114.073947621465,36.6809358588803,0 -114.072866716412,36.6806962534962,0 -114.072484126628,36.6779261127197,0 -114.07178515559,36.6774552340111,0 -114.071906827005,36.6764554616606,0 -114.0736809952,36.6762432619678,0 -114.074677856569,36.6764379182662,0 -114.076406084022,36.6766367203549,0 -114.077424831944,36.6775206883587,0 -114.078251128394,36.6779144406421,0 -114.080141650876,36.677280386459,0 -114.080916315756,36.6771624787441,0 -114.082254369846,36.6769588084036,0 -114.082901747044,36.6769179855097,0 -114.084965963277,36.6772964145341,0 -114.086626403859,36.6772167827707,0 -114.088750082276,36.6772397568192,0 -114.091212304283,36.6771534131797,0 -114.092344937922,36.6779044904485,0 -114.093486041776,36.679289232206,0 -114.093862748494,36.6796359200386,0 -114.09444227504,36.6793167537803,0 -114.096766261596,36.6789627411925,0 -114.097606250167,36.679412014762,0 -114.097869280475,36.6798914611623,0 -114.098784793107,36.6797519810849,0 -114.097925275162,36.6783243751088,0 -114.098371556398,36.6771596192334,0 -114.098727970174,36.6772984383062,0 -114.101034900417,36.6781969230114,0 -114.101753629001,36.6796459694288,0 -114.102410487019,36.6817394155761,0 -114.102223842255,36.682171929781,0 -114.102427537043,36.6830067608251,0 -114.103660481957,36.683569299717,0 -114.104443717663,36.6840849136498,0 -114.105701345586,36.6850477498438,0 -114.105918670511,36.6859382285112,0 -114.105881447919,36.6869829518548,0 -114.106596816804,36.6872202757025,0 -114.106990477426,36.6875384193858,0 -114.107870826405,36.6882498735759,0 -114.109069220316,36.689568069493,0 -114.109876917148,36.6937743517345,0 -114.109351692862,36.69431620767,0 -114.1096777867,36.6956519091967,0 -114.109204395207,36.6967053866442,0 -114.109021331128,36.6983495891292,0 -114.109001311274,36.700661638216,0 -114.108652672417,36.7019269913283,0 -114.106861898865,36.7023730561034,0 -114.106960550951,36.7039743115219,0 -114.106392983676,36.7061388753012,0 -114.106353245801,36.707472591844,0 -114.105952696898,36.7082263120182,0 -114.104958845783,36.7092435911032,0 -114.104319747459,36.7099181965122,0 -114.103653464318,36.7104814876751,0 -114.103811448332,36.7117273491887,0 -114.103218126358,36.7119909010276,0 -114.101936375076,36.7121284149934,0 -114.100673271922,36.7117435609205,0 -114.099637664418,36.7110931561153,0 -114.09919286091,36.7104682153262,0 -114.097756639823,36.7105714896956,0 -114.097170949936,36.7099679987717,0 -114.096653172685,36.7096427816208,0 -114.096436712837,36.7102529753863,0 -114.096394242287,36.7118756894318,0 -114.094965663169,36.7111119172879,0 -114.095055606088,36.7120795128616,0 -114.095558067065,36.7141387584591,0 -114.094165849054,36.7156206237982,0 -114.093233746335,36.715993414102,0 -114.092670825148,36.717579893337,0 -114.091844748785,36.7186869186854,0 -114.091709696065,36.7196310326455,0 -114.091292786145,36.7206180466366,0 -114.090169342271,36.7235019718167,0 -114.090080843843,36.7255357095163,0 -114.089530675139,36.7256771571132,0 -114.08795579819,36.7255127578185,0 -114.087009967417,36.7258298430117,0 -114.086400307783,36.7263266558062,0 -114.086544462234,36.7275168730308,0 -114.085725966754,36.7277568472835,0 
						</coordinates>
					</LinearRing>
				</outerBoundaryIs>
			</Polygon>
		</Placemark>
		<Placemark>
			<name>Untitled Placemark</name>
			<LookAt>
				<gx:TimeStamp><when>2021-06-12</when>
</gx:TimeStamp>
				<gx:ViewerOptions>
					<gx:option name="historicalimagery"></gx:option>
					<gx:option enabled="0" name="sunlight"></gx:option>
					<gx:option enabled="0" name="streetview"></gx:option>
				</gx:ViewerOptions>
				<longitude>-116.3645771563511</longitude>
				<latitude>34.09250772645687</latitude>
				<altitude>0</altitude>
				<heading>-0.002790072528369206</heading>
				<tilt>60.00092509909482</tilt>
				<range>116.1228833159358</range>
				<gx:altitudeMode>relativeToSeaFloor</gx:altitudeMode>
			</LookAt>
			<styleUrl>#m_ylw-pushpin</styleUrl>
			<Point>
				<gx:drawOrder>1</gx:drawOrder>
				<coordinates>-116.3646473401344,34.09200332491499,0</coordinates>
			</Point>
		</Placemark>
		<Placemark>
			<name>Untitled Placemark</name>
			<LookAt>
				<gx:TimeStamp><when>2021-06-12</when>
</gx:TimeStamp>
				<gx:ViewerOptions>
					<gx:option name="historicalimagery"></gx:option>
					<gx:option enabled="0" name="sunlight"></gx:option>
					<gx:option enabled="0" name="streetview"></gx:option>
				</gx:ViewerOptions>
				<longitude>-116.3645771563511</longitude>
				<latitude>34.09250772645687</latitude>
				<altitude>0</altitude>
				<heading>-0.002790072528369206</heading>
				<tilt>60.00092509909482</tilt>
				<range>116.1228833159358</range>
				<gx:altitudeMode>relativeToSeaFloor</gx:altitudeMode>
			</LookAt>
			<styleUrl>#m_ylw-pushpin</styleUrl>
			<Point>
				<gx:drawOrder>1</gx:drawOrder>
				<coordinates>-116.3643746290155,34.0921635360482,0</coordinates>
			</Point>
		</Placemark>
		<Placemark>
			<name>Untitled Placemark</name>
			<LookAt>
				<gx:TimeStamp><when>2021-06-12</when>
</gx:TimeStamp>
				<gx:ViewerOptions>
					<gx:option name="historicalimagery"></gx:option>
					<gx:option enabled="0" name="sunlight"></gx:option>
					<gx:option enabled="0" name="streetview"></gx:option>
				</gx:ViewerOptions>
				<longitude>-116.3652561351964</longitude>
				<latitude>34.09316240098281</latitude>
				<altitude>0</altitude>
				<heading>-0.00317066062960074</heading>
				<tilt>60.0010238583768</tilt>
				<range>128.8196766029746</range>
				<gx:altitudeMode>relativeToSeaFloor</gx:altitudeMode>
			</LookAt>
			<styleUrl>#m_ylw-pushpin</styleUrl>
			<Point>
				<gx:drawOrder>1</gx:drawOrder>
				<coordinates>-116.3653478857421,34.09302507894888,0</coordinates>
			</Point>
		</Placemark>
		<Placemark>
			<name>Untitled Placemark</name>
			<LookAt>
				<gx:TimeStamp><when>2021-06-12</when>
</gx:TimeStamp>
				<gx:ViewerOptions>
					<gx:option name="historicalimagery"></gx:option>
					<gx:option enabled="0" name="sunlight"></gx:option>
					<gx:option enabled="0" name="streetview"></gx:option>
				</gx:ViewerOptions>
				<longitude>-116.3655950563941</longitude>
				<latitude>34.09301127146297</latitude>
				<altitude>0</altitude>
				<heading>-0.00336063772212717</heading>
				<tilt>60.00105293444867</tilt>
				<range>132.5577910896757</range>
				<gx:altitudeMode>relativeToSeaFloor</gx:altitudeMode>
			</LookAt>
			<styleUrl>#m_ylw-pushpin</styleUrl>
			<Point>
				<gx:drawOrder>1</gx:drawOrder>
				<coordinates>-116.3658549664467,34.0926940026367,0</coordinates>
			</Point>
		</Placemark>
		<Placemark>
			<name>Untitled Placemark</name>
			<LookAt>
				<gx:TimeStamp><when>2021-06-12</when>
</gx:TimeStamp>
				<gx:ViewerOptions>
					<gx:option name="historicalimagery"></gx:option>
					<gx:option enabled="0" name="sunlight"></gx:option>
					<gx:option enabled="0" name="streetview"></gx:option>
				</gx:ViewerOptions>
				<longitude>-116.366057638041</longitude>
				<latitude>34.09387827751578</latitude>
				<altitude>0</altitude>
				<heading>-0.003619934097930568</heading>
				<tilt>60.00113237542877</tilt>
				<range>142.7709689740314</range>
				<gx:altitudeMode>relativeToSeaFloor</gx:altitudeMode>
			</LookAt>
			<styleUrl>#m_ylw-pushpin</styleUrl>
			<Point>
				<gx:drawOrder>1</gx:drawOrder>
				<coordinates>-116.3661441610964,34.09365233067223,0</coordinates>
			</Point>
		</Placemark>
		<Placemark>
			<name>Untitled Placemark</name>
			<LookAt>
				<gx:TimeStamp><when>2021-06-12</when>
</gx:TimeStamp>
				<gx:ViewerOptions>
					<gx:option name="historicalimagery"></gx:option>
					<gx:option enabled="0" name="sunlight"></gx:option>
					<gx:option enabled="0" name="streetview"></gx:option>
				</gx:ViewerOptions>
				<longitude>-116.366057638041</longitude>
				<latitude>34.09387827751578</latitude>
				<altitude>0</altitude>
				<heading>-0.003619934097930568</heading>
				<tilt>60.00113237542877</tilt>
				<range>142.7709689740314</range>
				<gx:altitudeMode>relativeToSeaFloor</gx:altitudeMode>
			</LookAt>
			<styleUrl>#m_ylw-pushpin</styleUrl>
			<Point>
				<gx:drawOrder>1</gx:drawOrder>
				<coordinates>-116.3663703167585,34.09330189671468,0</coordinates>
			</Point>
		</Placemark>
		<Placemark>
			<name>Untitled Placemark</name>
			<LookAt>
				<gx:TimeStamp><when>2021-06-12</when>
</gx:TimeStamp>
				<gx:ViewerOptions>
					<gx:option name="historicalimagery"></gx:option>
					<gx:option enabled="0" name="sunlight"></gx:option>
					<gx:option enabled="0" name="streetview"></gx:option>
				</gx:ViewerOptions>
				<longitude>-116.3663666565363</longitude>
				<latitude>34.0946174201617</latitude>
				<altitude>0</altitude>
				<heading>-0.003793154203933257</heading>
				<tilt>60.00120356529778</tilt>
				<range>151.9233005252188</range>
				<gx:altitudeMode>relativeToSeaFloor</gx:altitudeMode>
			</LookAt>
			<styleUrl>#m_ylw-pushpin</styleUrl>
			<Point>
				<gx:drawOrder>1</gx:drawOrder>
				<coordinates>-116.366413928947,34.09431217366166,0</coordinates>
			</Point>
		</Placemark>
		<Placemark>
			<name>Untitled Placemark</name>
			<LookAt>
				<gx:TimeStamp><when>2021-06-12</when>
</gx:TimeStamp>
				<gx:ViewerOptions>
					<gx:option name="historicalimagery"></gx:option>
					<gx:option enabled="0" name="sunlight"></gx:option>
					<gx:option enabled="0" name="streetview"></gx:option>
				</gx:ViewerOptions>
				<longitude>-116.3663666565363</longitude>
				<latitude>34.0946174201617</latitude>
				<altitude>0</altitude>
				<heading>-0.003793154203933257</heading>
				<tilt>60.00120356529778</tilt>
				<range>151.9233005252188</range>
				<gx:altitudeMode>relativeToSeaFloor</gx:altitudeMode>
			</LookAt>
			<styleUrl>#m_ylw-pushpin</styleUrl>
			<Point>
				<gx:drawOrder>1</gx:drawOrder>
				<coordinates>-116.3668451863559,34.09402952392835,0</coordinates>
			</Point>
		</Placemark>
		<Placemark>
			<name>Untitled Placemark</name>
			<LookAt>
				<gx:TimeStamp><when>2021-06-12</when>
</gx:TimeStamp>
				<gx:ViewerOptions>
					<gx:option name="historicalimagery"></gx:option>
					<gx:option enabled="0" name="sunlight"></gx:option>
					<gx:option enabled="0" name="streetview"></gx:option>
				</gx:ViewerOptions>
				<longitude>-116.3674179537053</longitude>
				<latitude>34.09585211559787</latitude>
				<altitude>0</altitude>
				<heading>-0.0043824766661478</heading>
				<tilt>60.00136334930933</tilt>
				<range>172.4654875493305</range>
				<gx:altitudeMode>relativeToSeaFloor</gx:altitudeMode>
			</LookAt>
			<styleUrl>#m_ylw-pushpin</styleUrl>
			<Point>
				<gx:drawOrder>1</gx:drawOrder>
				<coordinates>-116.3675728077211,34.09534185613485,0</coordinates>
			</Point>
		</Placemark>
		<Placemark>
			<name>Untitled Placemark</name>
			<LookAt>
				<gx:TimeStamp><when>2021-06-12</when>
</gx:TimeStamp>
				<gx:ViewerOptions>
					<gx:option name="historicalimagery"></gx:option>
					<gx:option enabled="0" name="sunlight"></gx:option>
					<gx:option enabled="0" name="streetview"></gx:option>
				</gx:ViewerOptions>
				<longitude>-116.3675693590756</longitude>
				<latitude>34.09603340832684</latitude>
				<altitude>0</altitude>
				<heading>-0.004467350426558729</heading>
				<tilt>60.00138509370611</tilt>
				<range>175.2609495991089</range>
				<gx:altitudeMode>relativeToSeaFloor</gx:altitudeMode>
			</LookAt>
			<styleUrl>#m_ylw-pushpin</styleUrl>
			<Point>
				<gx:drawOrder>1</gx:drawOrder>
				<coordinates>-116.3672481167442,34.09565235447207,0</coordinates>
			</Point>
		</Placemark>
		<Placemark>
			<name>Untitled Placemark</name>
			<LookAt>
				<gx:TimeStamp><when>2021-06-12</when>
</gx:TimeStamp>
				<gx:ViewerOptions>
					<gx:option name="historicalimagery"></gx:option>
					<gx:option enabled="0" name="sunlight"></gx:option>
					<gx:option enabled="0" name="streetview"></gx:option>
				</gx:ViewerOptions>
				<longitude>-116.3674510650442</longitude>
				<latitude>34.09693805064467</latitude>
				<altitude>0</altitude>
				<heading>-0.003876899755759287</heading>
				<tilt>59.5709494304746</tilt>
				<range>223.8488336404908</range>
				<gx:altitudeMode>relativeToSeaFloor</gx:altitudeMode>
			</LookAt>
			<styleUrl>#m_ylw-pushpin</styleUrl>
			<Point>
				<gx:drawOrder>1</gx:drawOrder>
				<coordinates>-116.3676169253339,34.09640314790854,0</coordinates>
			</Point>
		</Placemark>
		<Placemark>
			<name>Untitled Placemark</name>
			<LookAt>
				<gx:TimeStamp><when>2021-06-12</when>
</gx:TimeStamp>
				<gx:ViewerOptions>
					<gx:option name="historicalimagery"></gx:option>
					<gx:option enabled="0" name="sunlight"></gx:option>
					<gx:option enabled="0" name="streetview"></gx:option>
				</gx:ViewerOptions>
				<longitude>-116.3674510650442</longitude>
				<latitude>34.09693805064467</latitude>
				<altitude>0</altitude>
				<heading>-0.003876899755759287</heading>
				<tilt>59.5709494304746</tilt>
				<range>223.8488336404908</range>
				<gx:altitudeMode>relativeToSeaFloor</gx:altitudeMode>
			</LookAt>
			<styleUrl>#m_ylw-pushpin</styleUrl>
			<Point>
				<gx:drawOrder>1</gx:drawOrder>
				<coordinates>-116.3681879384806,34.09658639938903,0</coordinates>
			</Point>
		</Placemark>
		<Placemark>
			<name>Untitled Placemark</name>
			<LookAt>
				<gx:TimeStamp><when>2021-06-12</when>
</gx:TimeStamp>
				<gx:ViewerOptions>
					<gx:option name="historicalimagery"></gx:option>
					<gx:option enabled="0" name="sunlight"></gx:option>
					<gx:option enabled="0" name="streetview"></gx:option>
				</gx:ViewerOptions>
				<longitude>-116.3675505539711</longitude>
				<latitude>34.09772296976431</latitude>
				<altitude>0</altitude>
				<heading>-0.003932670558312448</heading>
				<tilt>59.57101401370131</tilt>
				<range>232.1882177577139</range>
				<gx:altitudeMode>relativeToSeaFloor</gx:altitudeMode>
			</LookAt>
			<styleUrl>#m_ylw-pushpin</styleUrl>
			<Point>
				<gx:drawOrder>1</gx:drawOrder>
				<coordinates>-116.3679122665994,34.09687399251931,0</coordinates>
			</Point>
		</Placemark>
		<Placemark>
			<name>Untitled Placemark</name>
			<LookAt>
				<gx:TimeStamp><when>2021-06-12</when>
</gx:TimeStamp>
				<gx:ViewerOptions>
					<gx:option name="historicalimagery"></gx:option>
					<gx:option enabled="0" name="sunlight"></gx:option>
					<gx:option enabled="0" name="streetview"></gx:option>
				</gx:ViewerOptions>
				<longitude>-116.3675505539711</longitude>
				<latitude>34.09772296976431</latitude>
				<altitude>0</altitude>
				<heading>-0.003932670558312448</heading>
				<tilt>59.57101401370131</tilt>
				<range>232.1882177577139</range>
				<gx:altitudeMode>relativeToSeaFloor</gx:altitudeMode>
			</LookAt>
			<styleUrl>#m_ylw-pushpin</styleUrl>
			<Point>
				<gx:drawOrder>1</gx:drawOrder>
				<coordinates>-116.3682684347322,34.09693537475916,0</coordinates>
			</Point>
		</Placemark>
		<Placemark>
			<name>Untitled Placemark</name>
			<LookAt>
				<gx:TimeStamp><when>2021-06-12</when>
</gx:TimeStamp>
				<gx:ViewerOptions>
					<gx:option name="historicalimagery"></gx:option>
					<gx:option enabled="0" name="sunlight"></gx:option>
					<gx:option enabled="0" name="streetview"></gx:option>
				</gx:ViewerOptions>
				<longitude>-116.3675750335464</longitude>
				<latitude>34.0980147103961</latitude>
				<altitude>0</altitude>
				<heading>-0.004300049850084592</heading>
				<tilt>53.87596646494688</tilt>
				<range>150.7666785390592</range>
				<gx:altitudeMode>relativeToSeaFloor</gx:altitudeMode>
			</LookAt>
			<styleUrl>#m_ylw-pushpin</styleUrl>
			<Point>
				<gx:drawOrder>1</gx:drawOrder>
				<coordinates>-116.3677971579351,34.09760008626295,0</coordinates>
			</Point>
		</Placemark>
		<Placemark>
			<name>Untitled Placemark</name>
			<LookAt>
				<gx:TimeStamp><when>2021-06-12</when>
</gx:TimeStamp>
				<gx:ViewerOptions>
					<gx:option name="historicalimagery"></gx:option>
					<gx:option enabled="0" name="sunlight"></gx:option>
					<gx:option enabled="0" name="streetview"></gx:option>
				</gx:ViewerOptions>
				<longitude>-116.3679951250407</longitude>
				<latitude>34.09800652695415</latitude>
				<altitude>0</altitude>
				<heading>-0.004535555929749627</heading>
				<tilt>53.87599330059764</tilt>
				<range>154.4656806255137</range>
				<gx:altitudeMode>relativeToSeaFloor</gx:altitudeMode>
			</LookAt>
			<styleUrl>#m_ylw-pushpin</styleUrl>
			<Point>
				<gx:drawOrder>1</gx:drawOrder>
				<coordinates>-116.3682854332985,34.09777473205747,0</coordinates>
			</Point>
		</Placemark>
		<Placemark>
			<name>Untitled Placemark</name>
			<LookAt>
				<gx:TimeStamp><when>2021-06-12</when>
</gx:TimeStamp>
				<gx:ViewerOptions>
					<gx:option name="historicalimagery"></gx:option>
					<gx:option enabled="0" name="sunlight"></gx:option>
					<gx:option enabled="0" name="streetview"></gx:option>
				</gx:ViewerOptions>
				<longitude>-116.3677431562668</longitude>
				<latitude>34.09884289159242</latitude>
				<altitude>0</altitude>
				<heading>-0.004394299203868927</heading>
				<tilt>53.87599556571379</tilt>
				<range>154.7779280151375</range>
				<gx:altitudeMode>relativeToSeaFloor</gx:altitudeMode>
			</LookAt>
			<styleUrl>#m_ylw-pushpin</styleUrl>
			<Point>
				<gx:drawOrder>1</gx:drawOrder>
				<coordinates>-116.3677882428237,34.09891715547647,0</coordinates>
			</Point>
		</Placemark>
		<Placemark>
			<name>Untitled Placemark</name>
			<LookAt>
				<gx:TimeStamp><when>2021-06-12</when>
</gx:TimeStamp>
				<gx:ViewerOptions>
					<gx:option name="historicalimagery"></gx:option>
					<gx:option enabled="0" name="sunlight"></gx:option>
					<gx:option enabled="0" name="streetview"></gx:option>
				</gx:ViewerOptions>
				<longitude>-116.3677431562668</longitude>
				<latitude>34.09884289159242</latitude>
				<altitude>0</altitude>
				<heading>-0.004394299203868927</heading>
				<tilt>53.87599556571379</tilt>
				<range>154.7779280151375</range>
				<gx:altitudeMode>relativeToSeaFloor</gx:altitudeMode>
			</LookAt>
			<styleUrl>#m_ylw-pushpin</styleUrl>
			<Point>
				<gx:drawOrder>1</gx:drawOrder>
				<coordinates>-116.368367843892,34.09903923893351,0</coordinates>
			</Point>
		</Placemark>
		<Placemark>
			<name>Untitled Placemark</name>
			<LookAt>
				<gx:TimeStamp><when>2021-06-12</when>
</gx:TimeStamp>
				<gx:ViewerOptions>
					<gx:option name="historicalimagery"></gx:option>
					<gx:option enabled="0" name="sunlight"></gx:option>
					<gx:option enabled="0" name="streetview"></gx:option>
				</gx:ViewerOptions>
				<longitude>-116.2960065054477</longitude>
				<latitude>33.99076183641598</latitude>
				<altitude>0</altitude>
				<heading>-0.002692927184783818</heading>
				<tilt>38.72085227016534</tilt>
				<range>81.49038428843447</range>
				<gx:altitudeMode>relativeToSeaFloor</gx:altitudeMode>
			</LookAt>
			<styleUrl>#m_ylw-pushpin</styleUrl>
			<Point>
				<gx:drawOrder>1</gx:drawOrder>
				<coordinates>-116.2960715907817,33.99082411775699,0</coordinates>
			</Point>
		</Placemark>
		<Placemark>
			<name>Untitled Placemark</name>
			<LookAt>
				<gx:TimeStamp><when>2021-06-12</when>
</gx:TimeStamp>
				<gx:ViewerOptions>
					<gx:option name="historicalimagery"></gx:option>
					<gx:option enabled="0" name="sunlight"></gx:option>
					<gx:option enabled="0" name="streetview"></gx:option>
				</gx:ViewerOptions>
				<longitude>-116.2957872112771</longitude>
				<latitude>33.99043652990462</latitude>
				<altitude>0</altitude>
				<heading>-0.00257032965884736</heading>
				<tilt>38.72085309900569</tilt>
				<range>81.63792003324644</range>
				<gx:altitudeMode>relativeToSeaFloor</gx:altitudeMode>
			</LookAt>
			<styleUrl>#m_ylw-pushpin</styleUrl>
			<Point>
				<gx:drawOrder>1</gx:drawOrder>
				<coordinates>-116.295770054007,33.99035986992849,0</coordinates>
			</Point>
		</Placemark>
		<Placemark>
			<name>Untitled Placemark</name>
			<LookAt>
				<gx:TimeStamp><when>2021-06-12</when>
</gx:TimeStamp>
				<gx:ViewerOptions>
					<gx:option name="historicalimagery"></gx:option>
					<gx:option enabled="0" name="sunlight"></gx:option>
					<gx:option enabled="0" name="streetview"></gx:option>
				</gx:ViewerOptions>
				<longitude>-116.2914191053925</longitude>
				<latitude>33.99280187760897</latitude>
				<altitude>0</altitude>
				<heading>-0.0001282323326913413</heading>
				<tilt>38.72097053408159</tilt>
				<range>102.5532350065762</range>
				<gx:altitudeMode>relativeToSeaFloor</gx:altitudeMode>
			</LookAt>
			<styleUrl>#m_ylw-pushpin</styleUrl>
			<Point>
				<gx:drawOrder>1</gx:drawOrder>
				<coordinates>-116.2913132817276,33.99265403980875,0</coordinates>
			</Point>
		</Placemark>
		<Placemark>
			<name>Untitled Placemark</name>
			<LookAt>
				<gx:TimeStamp><when>2021-06-12</when>
</gx:TimeStamp>
				<gx:ViewerOptions>
					<gx:option name="historicalimagery"></gx:option>
					<gx:option enabled="0" name="sunlight"></gx:option>
					<gx:option enabled="0" name="streetview"></gx:option>
				</gx:ViewerOptions>
				<longitude>-116.2969970670593</longitude>
				<latitude>33.98985584925759</latitude>
				<altitude>0</altitude>
				<heading>-0.002290339554213343</heading>
				<tilt>48.66660814810675</tilt>
				<range>77.96901003679179</range>
				<gx:altitudeMode>relativeToSeaFloor</gx:altitudeMode>
			</LookAt>
			<styleUrl>#m_ylw-pushpin</styleUrl>
			<Point>
				<gx:drawOrder>1</gx:drawOrder>
				<coordinates>-116.2972289244473,33.98987371770598,0</coordinates>
			</Point>
		</Placemark>
		<Placemark>
			<name>Untitled Placemark</name>
			<LookAt>
				<gx:TimeStamp><when>2021-06-12</when>
</gx:TimeStamp>
				<gx:ViewerOptions>
					<gx:option name="historicalimagery"></gx:option>
					<gx:option enabled="0" name="sunlight"></gx:option>
					<gx:option enabled="0" name="streetview"></gx:option>
				</gx:ViewerOptions>
				<longitude>-116.2969952755519</longitude>
				<latitude>33.989868694387</latitude>
				<altitude>0</altitude>
				<heading>-0.002289338049470676</heading>
				<tilt>48.66660805467698</tilt>
				<range>77.95515541817221</range>
				<gx:altitudeMode>relativeToSeaFloor</gx:altitudeMode>
			</LookAt>
			<styleUrl>#m_ylw-pushpin</styleUrl>
			<Point>
				<gx:drawOrder>1</gx:drawOrder>
				<coordinates>-116.2968460917101,33.98965607234297,0</coordinates>
			</Point>
		</Placemark>
		<Placemark>
			<name>Untitled Placemark</name>
			<LookAt>
				<gx:TimeStamp><when>2021-06-12</when>
</gx:TimeStamp>
				<gx:ViewerOptions>
					<gx:option name="historicalimagery"></gx:option>
					<gx:option enabled="0" name="sunlight"></gx:option>
					<gx:option enabled="0" name="streetview"></gx:option>
				</gx:ViewerOptions>
				<longitude>-116.2912112027877</longitude>
				<latitude>33.99291412055619</latitude>
				<altitude>0</altitude>
				<heading>0.00104582115167135</heading>
				<tilt>53.45122370567224</tilt>
				<range>186.9817398755329</range>
				<gx:altitudeMode>relativeToSeaFloor</gx:altitudeMode>
			</LookAt>
			<styleUrl>#m_ylw-pushpin</styleUrl>
			<Point>
				<gx:drawOrder>1</gx:drawOrder>
				<coordinates>-116.2912232845123,33.9922550783667,0</coordinates>
			</Point>
		</Placemark>
		<Placemark>
			<name>Untitled Placemark</name>
			<LookAt>
				<gx:TimeStamp><when>2021-06-12</when>
</gx:TimeStamp>
				<gx:ViewerOptions>
					<gx:option name="historicalimagery"></gx:option>
					<gx:option enabled="0" name="sunlight"></gx:option>
					<gx:option enabled="0" name="streetview"></gx:option>
				</gx:ViewerOptions>
				<longitude>-116.2966074803202</longitude>
				<latitude>33.99041535365534</latitude>
				<altitude>0</altitude>
				<heading>-0.002176370189591309</heading>
				<tilt>45.274366490461</tilt>
				<range>91.6933524317821</range>
				<gx:altitudeMode>relativeToSeaFloor</gx:altitudeMode>
			</LookAt>
			<styleUrl>#m_ylw-pushpin</styleUrl>
			<Point>
				<gx:drawOrder>1</gx:drawOrder>
				<coordinates>-116.2968098307587,33.99046974104796,0</coordinates>
			</Point>
		</Placemark>
		<Placemark>
			<name>Untitled Placemark</name>
			<LookAt>
				<gx:TimeStamp><when>2021-06-12</when>
</gx:TimeStamp>
				<gx:ViewerOptions>
					<gx:option name="historicalimagery"></gx:option>
					<gx:option enabled="0" name="sunlight"></gx:option>
					<gx:option enabled="0" name="streetview"></gx:option>
				</gx:ViewerOptions>
				<longitude>-116.2963316884112</longitude>
				<latitude>33.9901349497059</latitude>
				<altitude>0</altitude>
				<heading>-0.002022188659289731</heading>
				<tilt>45.27436130633263</tilt>
				<range>90.88089262947062</range>
				<gx:altitudeMode>relativeToSeaFloor</gx:altitudeMode>
			</LookAt>
			<styleUrl>#m_ylw-pushpin</styleUrl>
			<Point>
				<gx:drawOrder>1</gx:drawOrder>
				<coordinates>-116.2963084369668,33.99013157084999,0</coordinates>
			</Point>
		</Placemark>
		<Placemark>
			<name>Untitled Placemark</name>
			<LookAt>
				<gx:TimeStamp><when>2021-06-12</when>
</gx:TimeStamp>
				<gx:ViewerOptions>
					<gx:option name="historicalimagery"></gx:option>
					<gx:option enabled="0" name="sunlight"></gx:option>
					<gx:option enabled="0" name="streetview"></gx:option>
				</gx:ViewerOptions>
				<longitude>-116.2971174703648</longitude>
				<latitude>33.98939387394756</latitude>
				<altitude>0</altitude>
				<heading>-0.002586770301802062</heading>
				<tilt>41.34584661934704</tilt>
				<range>133.6615070987342</range>
				<gx:altitudeMode>relativeToSeaFloor</gx:altitudeMode>
			</LookAt>
			<styleUrl>#m_ylw-pushpin</styleUrl>
			<Point>
				<gx:drawOrder>1</gx:drawOrder>
				<coordinates>-116.2970509993094,33.98921289684231,0</coordinates>
			</Point>
		</Placemark>
		<Placemark>
			<name>Untitled Placemark</name>
			<LookAt>
				<gx:TimeStamp><when>2021-06-12</when>
</gx:TimeStamp>
				<gx:ViewerOptions>
					<gx:option name="historicalimagery"></gx:option>
					<gx:option enabled="0" name="sunlight"></gx:option>
					<gx:option enabled="0" name="streetview"></gx:option>
				</gx:ViewerOptions>
				<longitude>-116.2971174703648</longitude>
				<latitude>33.98939387394756</latitude>
				<altitude>0</altitude>
				<heading>-0.002586770301802062</heading>
				<tilt>41.34584661934704</tilt>
				<range>133.6615070987342</range>
				<gx:altitudeMode>relativeToSeaFloor</gx:altitudeMode>
			</LookAt>
			<styleUrl>#m_ylw-pushpin</styleUrl>
			<Point>
				<gx:drawOrder>1</gx:drawOrder>
				<coordinates>-116.2974156406187,33.98930925840745,0</coordinates>
			</Point>
		</Placemark>
		<Placemark>
			<name>Untitled Placemark</name>
			<LookAt>
				<gx:TimeStamp><when>2026-03-15</when>
</gx:TimeStamp>
				<gx:ViewerOptions>
					<gx:option name="historicalimagery"></gx:option>
					<gx:option enabled="0" name="sunlight"></gx:option>
					<gx:option enabled="0" name="streetview"></gx:option>
				</gx:ViewerOptions>
				<longitude>-116.2932274000713</longitude>
				<latitude>33.99200362166016</latitude>
				<altitude>0</altitude>
				<heading>-0.001938424135460598</heading>
				<tilt>60.00059272031943</tilt>
				<range>74.91929063839602</range>
				<gx:altitudeMode>relativeToSeaFloor</gx:altitudeMode>
			</LookAt>
			<styleUrl>#m_ylw-pushpin</styleUrl>
			<Point>
				<gx:drawOrder>1</gx:drawOrder>
				<coordinates>-116.2933437819661,33.99193132230193,0</coordinates>
			</Point>
		</Placemark>
		<Placemark>
			<name>Untitled Placemark</name>
			<LookAt>
				<gx:TimeStamp><when>2019-12-12</when>
</gx:TimeStamp>
				<gx:ViewerOptions>
					<gx:option name="historicalimagery"></gx:option>
					<gx:option enabled="0" name="sunlight"></gx:option>
					<gx:option enabled="0" name="streetview"></gx:option>
				</gx:ViewerOptions>
				<longitude>-116.2930850318608</longitude>
				<latitude>33.99192988235483</latitude>
				<altitude>0</altitude>
				<heading>-0.001858757067109083</heading>
				<tilt>60.00142933933044</tilt>
				<range>182.5668351218575</range>
				<gx:altitudeMode>relativeToSeaFloor</gx:altitudeMode>
			</LookAt>
			<styleUrl>#m_ylw-pushpin</styleUrl>
			<Point>
				<gx:drawOrder>1</gx:drawOrder>
				<coordinates>-116.2934382952173,33.99155004961661,0</coordinates>
			</Point>
		</Placemark>
		<Placemark>
			<name>Untitled Placemark</name>
			<LookAt>
				<gx:TimeStamp><when>2025-05-24</when>
</gx:TimeStamp>
				<gx:ViewerOptions>
					<gx:option name="historicalimagery"></gx:option>
					<gx:option enabled="0" name="sunlight"></gx:option>
					<gx:option enabled="0" name="streetview"></gx:option>
				</gx:ViewerOptions>
				<longitude>-117.9938536089766</longitude>
				<latitude>34.51093749953033</latitude>
				<altitude>0</altitude>
				<heading>0.003272133451570516</heading>
				<tilt>37.48888513120443</tilt>
				<range>123.6451871204677</range>
				<gx:altitudeMode>relativeToSeaFloor</gx:altitudeMode>
			</LookAt>
			<styleUrl>#m_ylw-pushpin</styleUrl>
			<Point>
				<gx:drawOrder>1</gx:drawOrder>
				<coordinates>-117.9939137151738,34.51055922487702,0</coordinates>
			</Point>
		</Placemark>
		<Placemark>
			<name>Untitled Placemark</name>
			<LookAt>
				<gx:TimeStamp><when>2025-05-24</when>
</gx:TimeStamp>
				<gx:ViewerOptions>
					<gx:option name="historicalimagery"></gx:option>
					<gx:option enabled="0" name="sunlight"></gx:option>
					<gx:option enabled="0" name="streetview"></gx:option>
				</gx:ViewerOptions>
				<longitude>-117.9938536089766</longitude>
				<latitude>34.51093749953033</latitude>
				<altitude>0</altitude>
				<heading>0.003272133451570516</heading>
				<tilt>37.48888513120443</tilt>
				<range>123.6451871204677</range>
				<gx:altitudeMode>relativeToSeaFloor</gx:altitudeMode>
			</LookAt>
			<styleUrl>#m_ylw-pushpin</styleUrl>
			<Point>
				<gx:drawOrder>1</gx:drawOrder>
				<coordinates>-117.9942375013992,34.51063394518841,0</coordinates>
			</Point>
		</Placemark>
		<Placemark>
			<name>Untitled Placemark</name>
			<LookAt>
				<gx:TimeStamp><when>2025-05-24</when>
</gx:TimeStamp>
				<gx:ViewerOptions>
					<gx:option name="historicalimagery"></gx:option>
					<gx:option enabled="0" name="sunlight"></gx:option>
					<gx:option enabled="0" name="streetview"></gx:option>
				</gx:ViewerOptions>
				<longitude>-117.9938028660457</longitude>
				<latitude>34.51137077532213</latitude>
				<altitude>0</altitude>
				<heading>0.003300883563799925</heading>
				<tilt>37.48889086006853</tilt>
				<range>124.6932100303406</range>
				<gx:altitudeMode>relativeToSeaFloor</gx:altitudeMode>
			</LookAt>
			<styleUrl>#m_ylw-pushpin</styleUrl>
			<Point>
				<gx:drawOrder>1</gx:drawOrder>
				<coordinates>-117.9938612696482,34.51100168891345,0</coordinates>
			</Point>
		</Placemark>
		<Placemark>
			<name>Untitled Placemark</name>
			<LookAt>
				<gx:TimeStamp><when>2025-05-24</when>
</gx:TimeStamp>
				<gx:ViewerOptions>
					<gx:option name="historicalimagery"></gx:option>
					<gx:option enabled="0" name="sunlight"></gx:option>
					<gx:option enabled="0" name="streetview"></gx:option>
				</gx:ViewerOptions>
				<longitude>-117.9938028660457</longitude>
				<latitude>34.51137077532213</latitude>
				<altitude>0</altitude>
				<heading>0.003300883563799925</heading>
				<tilt>37.48889086006853</tilt>
				<range>124.6932100303406</range>
				<gx:altitudeMode>relativeToSeaFloor</gx:altitudeMode>
			</LookAt>
			<styleUrl>#m_ylw-pushpin</styleUrl>
			<Point>
				<gx:drawOrder>1</gx:drawOrder>
				<coordinates>-117.9941794115011,34.5110303132429,0</coordinates>
			</Point>
		</Placemark>
		<Placemark>
			<name>Untitled Placemark</name>
			<LookAt>
				<gx:TimeStamp><when>2025-05-24</when>
</gx:TimeStamp>
				<gx:ViewerOptions>
					<gx:option name="historicalimagery"></gx:option>
					<gx:option enabled="0" name="sunlight"></gx:option>
					<gx:option enabled="0" name="streetview"></gx:option>
				</gx:ViewerOptions>
				<longitude>-117.9936997960862</longitude>
				<latitude>34.51290815918073</latitude>
				<altitude>0</altitude>
				<heading>0.003359286067497321</heading>
				<tilt>37.48893484043631</tilt>
				<range>132.7387330362335</range>
				<gx:altitudeMode>relativeToSeaFloor</gx:altitudeMode>
			</LookAt>
			<styleUrl>#m_ylw-pushpin</styleUrl>
			<Point>
				<gx:drawOrder>1</gx:drawOrder>
				<coordinates>-117.9937573044742,34.5128158599012,0</coordinates>
			</Point>
		</Placemark>
		<Placemark>
			<name>Untitled Placemark</name>
			<LookAt>
				<gx:TimeStamp><when>2025-05-24</when>
</gx:TimeStamp>
				<gx:ViewerOptions>
					<gx:option name="historicalimagery"></gx:option>
					<gx:option enabled="0" name="sunlight"></gx:option>
					<gx:option enabled="0" name="streetview"></gx:option>
				</gx:ViewerOptions>
				<longitude>-117.9936997960862</longitude>
				<latitude>34.51290815918073</latitude>
				<altitude>0</altitude>
				<heading>0.003359286067497321</heading>
				<tilt>37.48893484043631</tilt>
				<range>132.7387330362335</range>
				<gx:altitudeMode>relativeToSeaFloor</gx:altitudeMode>
			</LookAt>
			<styleUrl>#m_ylw-pushpin</styleUrl>
			<Point>
				<gx:drawOrder>1</gx:drawOrder>
				<coordinates>-117.9942528983732,34.51280077651219,0</coordinates>
			</Point>
		</Placemark>
		<Placemark>
			<name>Untitled Placemark</name>
			<LookAt>
				<gx:TimeStamp><when>2025-05-24</when>
</gx:TimeStamp>
				<gx:ViewerOptions>
					<gx:option name="historicalimagery"></gx:option>
					<gx:option enabled="0" name="sunlight"></gx:option>
					<gx:option enabled="0" name="streetview"></gx:option>
				</gx:ViewerOptions>
				<longitude>-117.9936999276989</longitude>
				<latitude>34.51342511706238</latitude>
				<altitude>0</altitude>
				<heading>0.003359211738082183</heading>
				<tilt>37.48894946975258</tilt>
				<range>135.4149433427163</range>
				<gx:altitudeMode>relativeToSeaFloor</gx:altitudeMode>
			</LookAt>
			<styleUrl>#m_ylw-pushpin</styleUrl>
			<Point>
				<gx:drawOrder>1</gx:drawOrder>
				<coordinates>-117.9937469020662,34.51349263391445,0</coordinates>
			</Point>
		</Placemark>
		<Placemark>
			<name>Untitled Placemark</name>
			<LookAt>
				<gx:TimeStamp><when>2025-05-24</when>
</gx:TimeStamp>
				<gx:ViewerOptions>
					<gx:option name="historicalimagery"></gx:option>
					<gx:option enabled="0" name="sunlight"></gx:option>
					<gx:option enabled="0" name="streetview"></gx:option>
				</gx:ViewerOptions>
				<longitude>-117.9936999276989</longitude>
				<latitude>34.51342511706238</latitude>
				<altitude>0</altitude>
				<heading>0.003359211738082183</heading>
				<tilt>37.48894946975258</tilt>
				<range>135.4149433427163</range>
				<gx:altitudeMode>relativeToSeaFloor</gx:altitudeMode>
			</LookAt>
			<styleUrl>#m_ylw-pushpin</styleUrl>
			<Point>
				<gx:drawOrder>1</gx:drawOrder>
				<coordinates>-117.9941590365696,34.51317468042882,0</coordinates>
			</Point>
		</Placemark>
		<Placemark>
			<name>Untitled Placemark</name>
			<LookAt>
				<gx:TimeStamp><when>2025-05-24</when>
</gx:TimeStamp>
				<gx:ViewerOptions>
					<gx:option name="historicalimagery"></gx:option>
					<gx:option enabled="0" name="sunlight"></gx:option>
					<gx:option enabled="0" name="streetview"></gx:option>
				</gx:ViewerOptions>
				<longitude>-117.9963831010964</longitude>
				<latitude>34.51491983195518</latitude>
				<altitude>0</altitude>
				<heading>0.001944928585978179</heading>
				<tilt>32.39827840356908</tilt>
				<range>222.4351486454459</range>
				<gx:altitudeMode>relativeToSeaFloor</gx:altitudeMode>
			</LookAt>
			<styleUrl>#m_ylw-pushpin</styleUrl>
			<Point>
				<gx:drawOrder>1</gx:drawOrder>
				<coordinates>-117.9961726410624,34.51443913604877,0</coordinates>
			</Point>
		</Placemark>
		<Placemark>
			<name>Untitled Placemark</name>
			<LookAt>
				<gx:TimeStamp><when>2025-05-24</when>
</gx:TimeStamp>
				<gx:ViewerOptions>
					<gx:option name="historicalimagery"></gx:option>
					<gx:option enabled="0" name="sunlight"></gx:option>
					<gx:option enabled="0" name="streetview"></gx:option>
				</gx:ViewerOptions>
				<longitude>-117.9963831010964</longitude>
				<latitude>34.51491983195518</latitude>
				<altitude>0</altitude>
				<heading>0.001944928585978179</heading>
				<tilt>32.39827840356908</tilt>
				<range>222.4351486454459</range>
				<gx:altitudeMode>relativeToSeaFloor</gx:altitudeMode>
			</LookAt>
			<styleUrl>#m_ylw-pushpin</styleUrl>
			<Point>
				<gx:drawOrder>1</gx:drawOrder>
				<coordinates>-117.9967638422803,34.51443482981994,0</coordinates>
			</Point>
		</Placemark>
		<Placemark>
			<name>Untitled Placemark</name>
			<LookAt>
				<gx:TimeStamp><when>2025-05-24</when>
</gx:TimeStamp>
				<gx:ViewerOptions>
					<gx:option name="historicalimagery"></gx:option>
					<gx:option enabled="0" name="sunlight"></gx:option>
					<gx:option enabled="0" name="streetview"></gx:option>
				</gx:ViewerOptions>
				<longitude>-117.9964380710451</longitude>
				<latitude>34.51532250586921</latitude>
				<altitude>0</altitude>
				<heading>0.001913783334423621</heading>
				<tilt>32.39828510592999</tilt>
				<range>223.8278405351759</range>
				<gx:altitudeMode>relativeToSeaFloor</gx:altitudeMode>
			</LookAt>
			<styleUrl>#m_ylw-pushpin</styleUrl>
			<Point>
				<gx:drawOrder>1</gx:drawOrder>
				<coordinates>-117.9963393349807,34.51520498840216,0</coordinates>
			</Point>
		</Placemark>
		<Placemark>
			<name>Untitled Placemark</name>
			<LookAt>
				<gx:TimeStamp><when>2025-05-24</when>
</gx:TimeStamp>
				<gx:ViewerOptions>
					<gx:option name="historicalimagery"></gx:option>
					<gx:option enabled="0" name="sunlight"></gx:option>
					<gx:option enabled="0" name="streetview"></gx:option>
				</gx:ViewerOptions>
				<longitude>-117.9964380710451</longitude>
				<latitude>34.51532250586921</latitude>
				<altitude>0</altitude>
				<heading>0.001913783334423621</heading>
				<tilt>32.39828510592999</tilt>
				<range>223.8278405351759</range>
				<gx:altitudeMode>relativeToSeaFloor</gx:altitudeMode>
			</LookAt>
			<styleUrl>#m_ylw-pushpin</styleUrl>
			<Point>
				<gx:drawOrder>1</gx:drawOrder>
				<coordinates>-117.9968034874466,34.51512861676967,0</coordinates>
			</Point>
		</Placemark>
		<Placemark>
			<name>Untitled Placemark</name>
			<LookAt>
				<gx:TimeSpan>
					<begin>2026-07-02T19:36:50.487519Z</begin>
					<end>2026-07-02T19:36:50.487519999Z</end>
				</gx:TimeSpan>
				<gx:ViewerOptions>
					<gx:option name="historicalimagery"></gx:option>
					<gx:option enabled="0" name="sunlight"></gx:option>
					<gx:option enabled="0" name="streetview"></gx:option>
				</gx:ViewerOptions>
				<longitude>-114.2689526214514</longitude>
				<latitude>36.89909675626018</latitude>
				<altitude>0</altitude>
				<heading>0.03720630004689521</heading>
				<tilt>30.00074700164393</tilt>
				<range>160.7150986705644</range>
				<gx:altitudeMode>relativeToSeaFloor</gx:altitudeMode>
			</LookAt>
			<styleUrl>#m_ylw-pushpin</styleUrl>
			<Point>
				<gx:drawOrder>1</gx:drawOrder>
				<coordinates>-114.2688269253266,36.89902829825864,0</coordinates>
			</Point>
		</Placemark>
		<Placemark>
			<name>Untitled Placemark</name>
			<LookAt>
				<gx:TimeStamp><when>2026-07-02T19:36:56.745154Z</when>
</gx:TimeStamp>
				<gx:ViewerOptions>
					<gx:option name="historicalimagery"></gx:option>
					<gx:option enabled="0" name="sunlight"></gx:option>
					<gx:option enabled="0" name="streetview"></gx:option>
				</gx:ViewerOptions>
				<longitude>-114.2690518126117</longitude>
				<latitude>36.8983197387221</latitude>
				<altitude>0</altitude>
				<heading>0.03714674886828176</heading>
				<tilt>30.00075848674071</tilt>
				<range>163.2723909857726</range>
				<gx:altitudeMode>relativeToSeaFloor</gx:altitudeMode>
			</LookAt>
			<styleUrl>#m_ylw-pushpin</styleUrl>
			<Point>
				<gx:drawOrder>1</gx:drawOrder>
				<coordinates>-114.2686891228157,36.89852243801349,0</coordinates>
			</Point>
		</Placemark>
		<Placemark>
			<name>Untitled Placemark</name>
			<LookAt>
				<gx:TimeStamp><when>2026-07-02T19:37:07.162523Z</when>
</gx:TimeStamp>
				<gx:ViewerOptions>
					<gx:option name="historicalimagery"></gx:option>
					<gx:option enabled="0" name="sunlight"></gx:option>
					<gx:option enabled="0" name="streetview"></gx:option>
				</gx:ViewerOptions>
				<longitude>-114.2701561065672</longitude>
				<latitude>36.90223952728124</latitude>
				<altitude>0</altitude>
				<heading>0.03648265353691871</heading>
				<tilt>30.00080211196005</tilt>
				<range>172.8262218871377</range>
				<gx:altitudeMode>relativeToSeaFloor</gx:altitudeMode>
			</LookAt>
			<styleUrl>#m_ylw-pushpin</styleUrl>
			<Point>
				<gx:drawOrder>1</gx:drawOrder>
				<coordinates>-114.2702280975589,36.90226804296913,0</coordinates>
			</Point>
		</Placemark>
		<Placemark>
			<name>Untitled Placemark</name>
			<LookAt>
				<gx:TimeStamp><when>2026-07-02T19:37:16.366693Z</when>
</gx:TimeStamp>
				<gx:ViewerOptions>
					<gx:option name="historicalimagery"></gx:option>
					<gx:option enabled="0" name="sunlight"></gx:option>
					<gx:option enabled="0" name="streetview"></gx:option>
				</gx:ViewerOptions>
				<longitude>-114.2710287715337</longitude>
				<latitude>36.90212922364107</latitude>
				<altitude>0</altitude>
				<heading>0.03595773361037206</heading>
				<tilt>30.0008600692464</tilt>
				<range>185.5436589180994</range>
				<gx:altitudeMode>relativeToSeaFloor</gx:altitudeMode>
			</LookAt>
			<styleUrl>#m_ylw-pushpin</styleUrl>
			<Point>
				<gx:drawOrder>1</gx:drawOrder>
				<coordinates>-114.2714620251974,36.90186915484919,0</coordinates>
			</Point>
		</Placemark>
		<Placemark>
			<name>Untitled Placemark</name>
			<LookAt>
				<gx:TimeStamp><when>2022-11-29</when>
</gx:TimeStamp>
				<gx:ViewerOptions>
					<gx:option name="historicalimagery"></gx:option>
					<gx:option enabled="0" name="sunlight"></gx:option>
					<gx:option enabled="0" name="streetview"></gx:option>
				</gx:ViewerOptions>
				<longitude>-114.3041955228292</longitude>
				<latitude>36.87791630912721</latitude>
				<altitude>0</altitude>
				<heading>0.01724442637092512</heading>
				<tilt>24.09685480069167</tilt>
				<range>127.2009032081551</range>
				<gx:altitudeMode>relativeToSeaFloor</gx:altitudeMode>
			</LookAt>
			<styleUrl>#m_ylw-pushpin</styleUrl>
			<Point>
				<gx:drawOrder>1</gx:drawOrder>
				<coordinates>-114.3046525749112,36.87773193383374,0</coordinates>
			</Point>
		</Placemark>
		<Placemark>
			<name>Untitled Placemark</name>
			<LookAt>
				<gx:TimeStamp><when>2022-11-29</when>
</gx:TimeStamp>
				<gx:ViewerOptions>
					<gx:option name="historicalimagery"></gx:option>
					<gx:option enabled="0" name="sunlight"></gx:option>
					<gx:option enabled="0" name="streetview"></gx:option>
				</gx:ViewerOptions>
				<longitude>-114.3041955228292</longitude>
				<latitude>36.87791630912721</latitude>
				<altitude>0</altitude>
				<heading>0.01724442637092512</heading>
				<tilt>24.09685480069167</tilt>
				<range>127.2009032081551</range>
				<gx:altitudeMode>relativeToSeaFloor</gx:altitudeMode>
			</LookAt>
			<styleUrl>#m_ylw-pushpin</styleUrl>
			<Point>
				<gx:drawOrder>1</gx:drawOrder>
				<coordinates>-114.3039217872902,36.87809388720789,0</coordinates>
			</Point>
		</Placemark>
		<Placemark>
			<name>Untitled Placemark</name>
			<LookAt>
				<gx:TimeStamp><when>2015-04-04</when>
</gx:TimeStamp>
				<gx:ViewerOptions>
					<gx:option name="historicalimagery"></gx:option>
					<gx:option enabled="0" name="sunlight"></gx:option>
					<gx:option enabled="0" name="streetview"></gx:option>
				</gx:ViewerOptions>
				<longitude>-114.3061786361036</longitude>
				<latitude>36.87819904157785</latitude>
				<altitude>0</altitude>
				<heading>0.01002327638875661</heading>
				<tilt>44.72102963869125</tilt>
				<range>121.3102633786699</range>
				<gx:altitudeMode>relativeToSeaFloor</gx:altitudeMode>
			</LookAt>
			<styleUrl>#m_ylw-pushpin</styleUrl>
			<Point>
				<gx:drawOrder>1</gx:drawOrder>
				<coordinates>-114.3062584638298,36.87799948896208,0</coordinates>
			</Point>
		</Placemark>
		<Placemark>
			<name>Untitled Placemark</name>
			<LookAt>
				<gx:TimeStamp><when>2015-04-04</when>
</gx:TimeStamp>
				<gx:ViewerOptions>
					<gx:option name="historicalimagery"></gx:option>
					<gx:option enabled="0" name="sunlight"></gx:option>
					<gx:option enabled="0" name="streetview"></gx:option>
				</gx:ViewerOptions>
				<longitude>-114.3061786361036</longitude>
				<latitude>36.87819904157785</latitude>
				<altitude>0</altitude>
				<heading>0.01002327638875661</heading>
				<tilt>44.72102963869125</tilt>
				<range>121.3102633786699</range>
				<gx:altitudeMode>relativeToSeaFloor</gx:altitudeMode>
			</LookAt>
			<styleUrl>#m_ylw-pushpin</styleUrl>
			<Point>
				<gx:drawOrder>1</gx:drawOrder>
				<coordinates>-114.3063608466651,36.87853489653136,0</coordinates>
			</Point>
		</Placemark>
		<Placemark>
			<name>Untitled Placemark</name>
			<LookAt>
				<gx:TimeStamp><when>2015-04-04</when>
</gx:TimeStamp>
				<gx:ViewerOptions>
					<gx:option name="historicalimagery"></gx:option>
					<gx:option enabled="0" name="sunlight"></gx:option>
					<gx:option enabled="0" name="streetview"></gx:option>
				</gx:ViewerOptions>
				<longitude>-114.3063195940857</longitude>
				<latitude>36.87719044723286</latitude>
				<altitude>0</altitude>
				<heading>0.00993868088953587</heading>
				<tilt>44.72105175665218</tilt>
				<range>124.8098652264127</range>
				<gx:altitudeMode>relativeToSeaFloor</gx:altitudeMode>
			</LookAt>
			<styleUrl>#m_ylw-pushpin</styleUrl>
			<Point>
				<gx:drawOrder>1</gx:drawOrder>
				<coordinates>-114.3063806802207,36.87696067669999,0</coordinates>
			</Point>
		</Placemark>
		<Placemark>
			<name>Untitled Placemark</name>
			<LookAt>
				<gx:TimeStamp><when>2015-04-04</when>
</gx:TimeStamp>
				<gx:ViewerOptions>
					<gx:option name="historicalimagery"></gx:option>
					<gx:option enabled="0" name="sunlight"></gx:option>
					<gx:option enabled="0" name="streetview"></gx:option>
				</gx:ViewerOptions>
				<longitude>-114.3063195940857</longitude>
				<latitude>36.87719044723286</latitude>
				<altitude>0</altitude>
				<heading>0.00993868088953587</heading>
				<tilt>44.72105175665218</tilt>
				<range>124.8098652264127</range>
				<gx:altitudeMode>relativeToSeaFloor</gx:altitudeMode>
			</LookAt>
			<styleUrl>#m_ylw-pushpin</styleUrl>
			<Point>
				<gx:drawOrder>1</gx:drawOrder>
				<coordinates>-114.3069432409306,36.87688850592968,0</coordinates>
			</Point>
		</Placemark>
		<Placemark>
			<name>Untitled Placemark</name>
			<LookAt>
				<gx:TimeStamp><when>2015-04-04</when>
</gx:TimeStamp>
				<gx:ViewerOptions>
					<gx:option name="historicalimagery"></gx:option>
					<gx:option enabled="0" name="sunlight"></gx:option>
					<gx:option enabled="0" name="streetview"></gx:option>
				</gx:ViewerOptions>
				<longitude>-114.305081333714</longitude>
				<latitude>36.87376333233924</latitude>
				<altitude>0</altitude>
				<heading>0.01456376623537152</heading>
				<tilt>30.00068361668088</tilt>
				<range>149.8606662794994</range>
				<gx:altitudeMode>relativeToSeaFloor</gx:altitudeMode>
			</LookAt>
			<styleUrl>#m_ylw-pushpin</styleUrl>
			<Point>
				<gx:drawOrder>1</gx:drawOrder>
				<coordinates>-114.3050559319206,36.87366733005312,0</coordinates>
			</Point>
		</Placemark>
		<Placemark>
			<name>Untitled Placemark</name>
			<LookAt>
				<gx:TimeStamp><when>2015-04-04</when>
</gx:TimeStamp>
				<gx:ViewerOptions>
					<gx:option name="historicalimagery"></gx:option>
					<gx:option enabled="0" name="sunlight"></gx:option>
					<gx:option enabled="0" name="streetview"></gx:option>
				</gx:ViewerOptions>
				<longitude>-114.305081333714</longitude>
				<latitude>36.87376333233924</latitude>
				<altitude>0</altitude>
				<heading>0.01456376623537152</heading>
				<tilt>30.00068361668088</tilt>
				<range>149.8606662794994</range>
				<gx:altitudeMode>relativeToSeaFloor</gx:altitudeMode>
			</LookAt>
			<styleUrl>#m_ylw-pushpin</styleUrl>
			<Point>
				<gx:drawOrder>1</gx:drawOrder>
				<coordinates>-114.3053253243039,36.87399573809816,0</coordinates>
			</Point>
		</Placemark>
		<Placemark>
			<name>Untitled Placemark</name>
			<LookAt>
				<gx:TimeStamp><when>2015-04-04</when>
</gx:TimeStamp>
				<gx:ViewerOptions>
					<gx:option name="historicalimagery"></gx:option>
					<gx:option enabled="0" name="sunlight"></gx:option>
					<gx:option enabled="0" name="streetview"></gx:option>
				</gx:ViewerOptions>
				<longitude>-114.3105664835059</longitude>
				<latitude>36.87545690084059</latitude>
				<altitude>0</altitude>
				<heading>0.006328502320487399</heading>
				<tilt>60.00089275112099</tilt>
				<range>113.6791325140337</range>
				<gx:altitudeMode>relativeToSeaFloor</gx:altitudeMode>
			</LookAt>
			<styleUrl>#m_ylw-pushpin</styleUrl>
			<Point>
				<gx:drawOrder>1</gx:drawOrder>
				<coordinates>-114.3107108011481,36.87531777653639,0</coordinates>
			</Point>
		</Placemark>
		<Placemark>
			<name>Untitled Placemark</name>
			<LookAt>
				<gx:TimeStamp><when>2015-04-04</when>
</gx:TimeStamp>
				<gx:ViewerOptions>
					<gx:option name="historicalimagery"></gx:option>
					<gx:option enabled="0" name="sunlight"></gx:option>
					<gx:option enabled="0" name="streetview"></gx:option>
				</gx:ViewerOptions>
				<longitude>-114.3087811236184</longitude>
				<latitude>36.87082263852015</latitude>
				<altitude>0</altitude>
				<heading>0.007531737124687981</heading>
				<tilt>60.00115016212343</tilt>
				<range>147.2299282059392</range>
				<gx:altitudeMode>relativeToSeaFloor</gx:altitudeMode>
			</LookAt>
			<styleUrl>#m_ylw-pushpin</styleUrl>
			<Point>
				<gx:drawOrder>1</gx:drawOrder>
				<coordinates>-114.3091332997721,36.87041719825157,0</coordinates>
			</Point>
		</Placemark>
		<Placemark>
			<name>Untitled Placemark</name>
			<LookAt>
				<gx:TimeStamp><when>2015-04-04</when>
</gx:TimeStamp>
				<gx:ViewerOptions>
					<gx:option name="historicalimagery"></gx:option>
					<gx:option enabled="0" name="sunlight"></gx:option>
					<gx:option enabled="0" name="streetview"></gx:option>
				</gx:ViewerOptions>
				<longitude>-114.3090691875803</longitude>
				<latitude>36.8710285272193</latitude>
				<altitude>0</altitude>
				<heading>0.007358896796204803</heading>
				<tilt>60.00112804920352</tilt>
				<range>144.387148520479</range>
				<gx:altitudeMode>relativeToSeaFloor</gx:altitudeMode>
			</LookAt>
			<styleUrl>#m_ylw-pushpin</styleUrl>
			<Point>
				<gx:drawOrder>1</gx:drawOrder>
				<coordinates>-114.3095725369107,36.87074988980978,0</coordinates>
			</Point>
		</Placemark>
		<Placemark>
			<name>Untitled Placemark</name>
			<LookAt>
				<gx:TimeStamp><when>2015-04-04</when>
</gx:TimeStamp>
				<gx:ViewerOptions>
					<gx:option name="historicalimagery"></gx:option>
					<gx:option enabled="0" name="sunlight"></gx:option>
					<gx:option enabled="0" name="streetview"></gx:option>
				</gx:ViewerOptions>
				<longitude>-114.3095977697479</longitude>
				<latitude>36.86989087116707</latitude>
				<altitude>0</altitude>
				<heading>0.007041741950462434</heading>
				<tilt>60.00113043330595</tilt>
				<range>144.693652410085</range>
				<gx:altitudeMode>relativeToSeaFloor</gx:altitudeMode>
			</LookAt>
			<styleUrl>#m_ylw-pushpin</styleUrl>
			<Point>
				<gx:drawOrder>1</gx:drawOrder>
				<coordinates>-114.3100421732259,36.86945021880781,0</coordinates>
			</Point>
		</Placemark>
		<Placemark>
			<name>Untitled Placemark</name>
			<LookAt>
				<gx:TimeStamp><when>2015-04-04</when>
</gx:TimeStamp>
				<gx:ViewerOptions>
					<gx:option name="historicalimagery"></gx:option>
					<gx:option enabled="0" name="sunlight"></gx:option>
					<gx:option enabled="0" name="streetview"></gx:option>
				</gx:ViewerOptions>
				<longitude>-114.3099211004364</longitude>
				<latitude>36.86991318607615</latitude>
				<altitude>0</altitude>
				<heading>0.006847745643472039</heading>
				<tilt>60.00110138645555</tilt>
				<range>140.9594682763271</range>
				<gx:altitudeMode>relativeToSeaFloor</gx:altitudeMode>
			</LookAt>
			<styleUrl>#m_ylw-pushpin</styleUrl>
			<Point>
				<gx:drawOrder>1</gx:drawOrder>
				<coordinates>-114.3104526414213,36.86970167951073,0</coordinates>
			</Point>
		</Placemark>
		<Placemark>
			<name>Untitled Placemark</name>
			<LookAt>
				<gx:TimeStamp><when>2015-04-04</when>
</gx:TimeStamp>
				<gx:ViewerOptions>
					<gx:option name="historicalimagery"></gx:option>
					<gx:option enabled="0" name="sunlight"></gx:option>
					<gx:option enabled="0" name="streetview"></gx:option>
				</gx:ViewerOptions>
				<longitude>-114.309600298603</longitude>
				<latitude>36.8690830447114</latitude>
				<altitude>0</altitude>
				<heading>0.007040220927504953</heading>
				<tilt>60.00113596187128</tilt>
				<range>145.4043856243218</range>
				<gx:altitudeMode>relativeToSeaFloor</gx:altitudeMode>
			</LookAt>
			<styleUrl>#m_ylw-pushpin</styleUrl>
			<Point>
				<gx:drawOrder>1</gx:drawOrder>
				<coordinates>-114.3098923258281,36.8687190484107,0</coordinates>
			</Point>
		</Placemark>
		<Placemark>
			<name>Untitled Placemark</name>
			<LookAt>
				<gx:TimeStamp><when>2015-04-04</when>
</gx:TimeStamp>
				<gx:ViewerOptions>
					<gx:option name="historicalimagery"></gx:option>
					<gx:option enabled="0" name="sunlight"></gx:option>
					<gx:option enabled="0" name="streetview"></gx:option>
				</gx:ViewerOptions>
				<longitude>-114.3100134271269</longitude>
				<latitude>36.86924731574238</latitude>
				<altitude>0</altitude>
				<heading>0.006792350647456021</heading>
				<tilt>60.00110509695475</tilt>
				<range>141.4364893084713</range>
				<gx:altitudeMode>relativeToSeaFloor</gx:altitudeMode>
			</LookAt>
			<styleUrl>#m_ylw-pushpin</styleUrl>
			<Point>
				<gx:drawOrder>1</gx:drawOrder>
				<coordinates>-114.3102506648197,36.86877662177805,0</coordinates>
			</Point>
		</Placemark>
		<Placemark>
			<name>Untitled Placemark</name>
			<LookAt>
				<gx:TimeStamp><when>2015-04-04</when>
</gx:TimeStamp>
				<gx:ViewerOptions>
					<gx:option name="historicalimagery"></gx:option>
					<gx:option enabled="0" name="sunlight"></gx:option>
					<gx:option enabled="0" name="streetview"></gx:option>
				</gx:ViewerOptions>
				<longitude>-114.2704173274512</longitude>
				<latitude>36.91827510321291</latitude>
				<altitude>0</altitude>
				<heading>0.0363769872987318</heading>
				<tilt>45.71685629500738</tilt>
				<range>236.0471314993707</range>
				<gx:altitudeMode>relativeToSeaFloor</gx:altitudeMode>
			</LookAt>
			<styleUrl>#m_ylw-pushpin</styleUrl>
			<Point>
				<gx:drawOrder>1</gx:drawOrder>
				<coordinates>-114.2703831484718,36.91813003041744,0</coordinates>
			</Point>
		</Placemark>
		<Placemark>
			<name>Untitled Placemark</name>
			<LookAt>
				<gx:TimeStamp><when>2015-04-04</when>
</gx:TimeStamp>
				<gx:ViewerOptions>
					<gx:option name="historicalimagery"></gx:option>
					<gx:option enabled="0" name="sunlight"></gx:option>
					<gx:option enabled="0" name="streetview"></gx:option>
				</gx:ViewerOptions>
				<longitude>-114.2704173274512</longitude>
				<latitude>36.91827510321291</latitude>
				<altitude>0</altitude>
				<heading>0.0363769872987318</heading>
				<tilt>45.71685629500738</tilt>
				<range>236.0471314993707</range>
				<gx:altitudeMode>relativeToSeaFloor</gx:altitudeMode>
			</LookAt>
			<styleUrl>#m_ylw-pushpin</styleUrl>
			<Point>
				<gx:drawOrder>1</gx:drawOrder>
				<coordinates>-114.2701258044958,36.91771798011494,0</coordinates>
			</Point>
		</Placemark>
		<Placemark>
			<name>Untitled Placemark</name>
			<LookAt>
				<gx:TimeStamp><when>2015-04-04</when>
</gx:TimeStamp>
				<gx:ViewerOptions>
					<gx:option name="historicalimagery"></gx:option>
					<gx:option enabled="0" name="sunlight"></gx:option>
					<gx:option enabled="0" name="streetview"></gx:option>
				</gx:ViewerOptions>
				<longitude>-114.2682641154611</longitude>
				<latitude>36.91968151633576</latitude>
				<altitude>0</altitude>
				<heading>0.03824349373079707</heading>
				<tilt>44.52207481117698</tilt>
				<range>136.1204962497851</range>
				<gx:altitudeMode>relativeToSeaFloor</gx:altitudeMode>
			</LookAt>
			<styleUrl>#m_ylw-pushpin</styleUrl>
			<Point>
				<gx:drawOrder>1</gx:drawOrder>
				<coordinates>-114.2682989574221,36.91938036890891,0</coordinates>
			</Point>
		</Placemark>
		<Placemark>
			<name>Untitled Placemark</name>
			<LookAt>
				<gx:TimeStamp><when>2015-04-04</when>
</gx:TimeStamp>
				<gx:ViewerOptions>
					<gx:option name="historicalimagery"></gx:option>
					<gx:option enabled="0" name="sunlight"></gx:option>
					<gx:option enabled="0" name="streetview"></gx:option>
				</gx:ViewerOptions>
				<longitude>-114.2682085626151</longitude>
				<latitude>36.91959624184576</latitude>
				<altitude>0</altitude>
				<heading>0.03827684625925426</heading>
				<tilt>44.52305502319803</tilt>
				<range>291.7213010329568</range>
				<gx:altitudeMode>relativeToSeaFloor</gx:altitudeMode>
			</LookAt>
			<styleUrl>#m_ylw-pushpin</styleUrl>
			<Point>
				<gx:drawOrder>1</gx:drawOrder>
				<coordinates>-114.2683209577123,36.9189466066966,0</coordinates>
			</Point>
		</Placemark>
		<Placemark>
			<name>Untitled Placemark</name>
			<LookAt>
				<gx:TimeStamp><when>2015-04-04</when>
</gx:TimeStamp>
				<gx:ViewerOptions>
					<gx:option name="historicalimagery"></gx:option>
					<gx:option enabled="0" name="sunlight"></gx:option>
					<gx:option enabled="0" name="streetview"></gx:option>
				</gx:ViewerOptions>
				<longitude>-114.267004870971</longitude>
				<latitude>36.92011862266457</latitude>
				<altitude>0</altitude>
				<heading>0.04021129329257192</heading>
				<tilt>42.16846100982183</tilt>
				<range>182.6316475447826</range>
				<gx:altitudeMode>relativeToSeaFloor</gx:altitudeMode>
			</LookAt>
			<styleUrl>#m_ylw-pushpin</styleUrl>
			<Point>
				<gx:drawOrder>1</gx:drawOrder>
				<coordinates>-114.2669363157752,36.91979559171568,0</coordinates>
			</Point>
		</Placemark>
		<Placemark>
			<name>Untitled Placemark</name>
			<LookAt>
				<gx:TimeStamp><when>2015-04-04</when>
</gx:TimeStamp>
				<gx:ViewerOptions>
					<gx:option name="historicalimagery"></gx:option>
					<gx:option enabled="0" name="sunlight"></gx:option>
					<gx:option enabled="0" name="streetview"></gx:option>
				</gx:ViewerOptions>
				<longitude>-114.26670876096</longitude>
				<latitude>36.9197888050335</latitude>
				<altitude>0</altitude>
				<heading>0.04038916444115391</heading>
				<tilt>42.16845810673428</tilt>
				<range>182.1501826076504</range>
				<gx:altitudeMode>relativeToSeaFloor</gx:altitudeMode>
			</LookAt>
			<styleUrl>#m_ylw-pushpin</styleUrl>
			<Point>
				<gx:drawOrder>1</gx:drawOrder>
				<coordinates>-114.2667589785252,36.91937388621626,0</coordinates>
			</Point>
		</Placemark>
		<Placemark>
			<name>Untitled Placemark</name>
			<LookAt>
				<gx:TimeStamp><when>2015-04-04</when>
</gx:TimeStamp>
				<gx:ViewerOptions>
					<gx:option name="historicalimagery"></gx:option>
					<gx:option enabled="0" name="sunlight"></gx:option>
					<gx:option enabled="0" name="streetview"></gx:option>
				</gx:ViewerOptions>
				<longitude>-114.2652357061134</longitude>
				<latitude>36.92110552985041</latitude>
				<altitude>0</altitude>
				<heading>0.04127402954656753</heading>
				<tilt>42.16854187239011</tilt>
				<range>196.0422832020204</range>
				<gx:altitudeMode>relativeToSeaFloor</gx:altitudeMode>
			</LookAt>
			<styleUrl>#m_ylw-pushpin</styleUrl>
			<Point>
				<gx:drawOrder>1</gx:drawOrder>
				<coordinates>-114.2652328142808,36.92087099074013,0</coordinates>
			</Point>
		</Placemark>
		<Placemark>
			<name>Untitled Placemark</name>
			<LookAt>
				<gx:TimeStamp><when>2015-04-04</when>
</gx:TimeStamp>
				<gx:ViewerOptions>
					<gx:option name="historicalimagery"></gx:option>
					<gx:option enabled="0" name="sunlight"></gx:option>
					<gx:option enabled="0" name="streetview"></gx:option>
				</gx:ViewerOptions>
				<longitude>-114.2652357061134</longitude>
				<latitude>36.92110552985041</latitude>
				<altitude>0</altitude>
				<heading>0.04127402954656753</heading>
				<tilt>42.16854187239011</tilt>
				<range>196.0422832020204</range>
				<gx:altitudeMode>relativeToSeaFloor</gx:altitudeMode>
			</LookAt>
			<styleUrl>#m_ylw-pushpin</styleUrl>
			<Point>
				<gx:drawOrder>1</gx:drawOrder>
				<coordinates>-114.2651324644331,36.92051852417313,0</coordinates>
			</Point>
		</Placemark>
		<Placemark>
			<name>Untitled Placemark</name>
			<LookAt>
				<gx:TimeStamp><when>2015-04-04</when>
</gx:TimeStamp>
				<gx:ViewerOptions>
					<gx:option name="historicalimagery"></gx:option>
					<gx:option enabled="0" name="sunlight"></gx:option>
					<gx:option enabled="0" name="streetview"></gx:option>
				</gx:ViewerOptions>
				<longitude>-114.0970130000466</longitude>
				<latitude>36.71071588365906</latitude>
				<altitude>0</altitude>
				<heading>-0.007386505265019651</heading>
				<tilt>42.43769153687663</tilt>
				<range>215.8195455043126</range>
				<gx:altitudeMode>relativeToSeaFloor</gx:altitudeMode>
			</LookAt>
			<styleUrl>#m_ylw-pushpin</styleUrl>
			<Point>
				<gx:drawOrder>1</gx:drawOrder>
				<coordinates>-114.0970804834571,36.71024563642005,0</coordinates>
			</Point>
		</Placemark>
		<Placemark>
			<name>Untitled Placemark</name>
			<LookAt>
				<gx:TimeStamp><when>2015-04-04</when>
</gx:TimeStamp>
				<gx:ViewerOptions>
					<gx:option name="historicalimagery"></gx:option>
					<gx:option enabled="0" name="sunlight"></gx:option>
					<gx:option enabled="0" name="streetview"></gx:option>
				</gx:ViewerOptions>
				<longitude>-114.0970130000466</longitude>
				<latitude>36.71071588365906</latitude>
				<altitude>0</altitude>
				<heading>-0.007386505265019651</heading>
				<tilt>42.43769153687663</tilt>
				<range>215.8195455043126</range>
				<gx:altitudeMode>relativeToSeaFloor</gx:altitudeMode>
			</LookAt>
			<styleUrl>#m_ylw-pushpin</styleUrl>
			<Point>
				<gx:drawOrder>1</gx:drawOrder>
				<coordinates>-114.0975567721286,36.70996830392853,0</coordinates>
			</Point>
		</Placemark>
		<Placemark>
			<name>Untitled Placemark</name>
			<LookAt>
				<gx:TimeStamp><when>2015-04-04</when>
</gx:TimeStamp>
				<gx:ViewerOptions>
					<gx:option name="historicalimagery"></gx:option>
					<gx:option enabled="0" name="sunlight"></gx:option>
					<gx:option enabled="0" name="streetview"></gx:option>
				</gx:ViewerOptions>
				<longitude>-114.0959199908489</longitude>
				<latitude>36.71138219718534</latitude>
				<altitude>0</altitude>
				<heading>-0.006733139592354687</heading>
				<tilt>42.43777683477458</tilt>
				<range>229.8929214059829</range>
				<gx:altitudeMode>relativeToSeaFloor</gx:altitudeMode>
			</LookAt>
			<styleUrl>#m_ylw-pushpin</styleUrl>
			<Point>
				<gx:drawOrder>1</gx:drawOrder>
				<coordinates>-114.0965988338666,36.71070090526704,0</coordinates>
			</Point>
		</Placemark>
		<Placemark>
			<name>Untitled Placemark</name>
			<LookAt>
				<gx:TimeStamp><when>2015-04-04</when>
</gx:TimeStamp>
				<gx:ViewerOptions>
					<gx:option name="historicalimagery"></gx:option>
					<gx:option enabled="0" name="sunlight"></gx:option>
					<gx:option enabled="0" name="streetview"></gx:option>
				</gx:ViewerOptions>
				<longitude>-114.0959199908489</longitude>
				<latitude>36.71138219718534</latitude>
				<altitude>0</altitude>
				<heading>-0.006733139592354687</heading>
				<tilt>42.43777683477458</tilt>
				<range>229.8929214059829</range>
				<gx:altitudeMode>relativeToSeaFloor</gx:altitudeMode>
			</LookAt>
			<styleUrl>#m_ylw-pushpin</styleUrl>
			<Point>
				<gx:drawOrder>1</gx:drawOrder>
				<coordinates>-114.096207285402,36.71069736061092,0</coordinates>
			</Point>
		</Placemark>
		<Placemark>
			<name>Untitled Placemark</name>
			<LookAt>
				<gx:TimeStamp><when>2015-04-04</when>
</gx:TimeStamp>
				<gx:ViewerOptions>
					<gx:option name="historicalimagery"></gx:option>
					<gx:option enabled="0" name="sunlight"></gx:option>
					<gx:option enabled="0" name="streetview"></gx:option>
				</gx:ViewerOptions>
				<longitude>-114.0960946664456</longitude>
				<latitude>36.71164977518485</latitude>
				<altitude>0</altitude>
				<heading>-0.007188556029564739</heading>
				<tilt>41.93323693373802</tilt>
				<range>169.661329003379</range>
				<gx:altitudeMode>relativeToSeaFloor</gx:altitudeMode>
			</LookAt>
			<styleUrl>#m_ylw-pushpin</styleUrl>
			<Point>
				<gx:drawOrder>1</gx:drawOrder>
				<coordinates>-114.0967267171237,36.71162385133916,0</coordinates>
			</Point>
		</Placemark>
		<Placemark>
			<name>Untitled Placemark</name>
			<LookAt>
				<gx:TimeStamp><when>2015-04-04</when>
</gx:TimeStamp>
				<gx:ViewerOptions>
					<gx:option name="historicalimagery"></gx:option>
					<gx:option enabled="0" name="sunlight"></gx:option>
					<gx:option enabled="0" name="streetview"></gx:option>
				</gx:ViewerOptions>
				<longitude>-114.0960946664456</longitude>
				<latitude>36.71164977518485</latitude>
				<altitude>0</altitude>
				<heading>-0.007188556029564739</heading>
				<tilt>41.93323693373802</tilt>
				<range>169.661329003379</range>
				<gx:altitudeMode>relativeToSeaFloor</gx:altitudeMode>
			</LookAt>
			<styleUrl>#m_ylw-pushpin</styleUrl>
			<Point>
				<gx:drawOrder>1</gx:drawOrder>
				<coordinates>-114.0962674947309,36.71137410651082,0</coordinates>
			</Point>
		</Placemark>
		<Placemark>
			<name>Untitled Placemark</name>
			<LookAt>
				<gx:TimeStamp><when>2015-04-04</when>
</gx:TimeStamp>
				<gx:ViewerOptions>
					<gx:option name="historicalimagery"></gx:option>
					<gx:option enabled="0" name="sunlight"></gx:option>
					<gx:option enabled="0" name="streetview"></gx:option>
				</gx:ViewerOptions>
				<longitude>-114.0948025004317</longitude>
				<latitude>36.71197287966657</latitude>
				<altitude>0</altitude>
				<heading>-0.006416122617942895</heading>
				<tilt>41.93313480074654</tilt>
				<range>152.6458206959989</range>
				<gx:altitudeMode>relativeToSeaFloor</gx:altitudeMode>
			</LookAt>
			<styleUrl>#m_ylw-pushpin</styleUrl>
			<Point>
				<gx:drawOrder>1</gx:drawOrder>
				<coordinates>-114.0951950617808,36.71164227034065,0</coordinates>
			</Point>
		</Placemark>
		<Placemark>
			<name>Untitled Placemark</name>
			<LookAt>
				<gx:TimeStamp><when>2015-04-04</when>
</gx:TimeStamp>
				<gx:ViewerOptions>
					<gx:option name="historicalimagery"></gx:option>
					<gx:option enabled="0" name="sunlight"></gx:option>
					<gx:option enabled="0" name="streetview"></gx:option>
				</gx:ViewerOptions>
				<longitude>-114.0948025004317</longitude>
				<latitude>36.71197287966657</latitude>
				<altitude>0</altitude>
				<heading>-0.006416122617942895</heading>
				<tilt>41.93313480074654</tilt>
				<range>152.6458206959989</range>
				<gx:altitudeMode>relativeToSeaFloor</gx:altitudeMode>
			</LookAt>
			<styleUrl>#m_ylw-pushpin</styleUrl>
			<Point>
				<gx:drawOrder>1</gx:drawOrder>
				<coordinates>-114.09480765677,36.71163842485354,0</coordinates>
			</Point>
		</Placemark>
		<Placemark>
			<name>Untitled Placemark</name>
			<LookAt>
				<gx:TimeStamp><when>2015-04-04</when>
</gx:TimeStamp>
				<gx:ViewerOptions>
					<gx:option name="historicalimagery"></gx:option>
					<gx:option enabled="0" name="sunlight"></gx:option>
					<gx:option enabled="0" name="streetview"></gx:option>
				</gx:ViewerOptions>
				<longitude>-114.0950191389066</longitude>
				<latitude>36.71282871031673</latitude>
				<altitude>0</altitude>
				<heading>-0.006545627483784386</heading>
				<tilt>41.93319094822509</tilt>
				<range>162.0000851377324</range>
				<gx:altitudeMode>relativeToSeaFloor</gx:altitudeMode>
			</LookAt>
			<styleUrl>#m_ylw-pushpin</styleUrl>
			<Point>
				<gx:drawOrder>1</gx:drawOrder>
				<coordinates>-114.0952841830597,36.71247366791052,0</coordinates>
			</Point>
		</Placemark>
		<Placemark>
			<name>Untitled Placemark</name>
			<LookAt>
				<gx:TimeStamp><when>2015-04-04</when>
</gx:TimeStamp>
				<gx:ViewerOptions>
					<gx:option name="historicalimagery"></gx:option>
					<gx:option enabled="0" name="sunlight"></gx:option>
					<gx:option enabled="0" name="streetview"></gx:option>
				</gx:ViewerOptions>
				<longitude>-114.0950191389066</longitude>
				<latitude>36.71282871031673</latitude>
				<altitude>0</altitude>
				<heading>-0.006545627483784386</heading>
				<tilt>41.93319094822509</tilt>
				<range>162.0000851377324</range>
				<gx:altitudeMode>relativeToSeaFloor</gx:altitudeMode>
			</LookAt>
			<styleUrl>#m_ylw-pushpin</styleUrl>
			<Point>
				<gx:drawOrder>1</gx:drawOrder>
				<coordinates>-114.0950726446633,36.71248985681967,0</coordinates>
			</Point>
		</Placemark>
		<Placemark>
			<name>Untitled Placemark</name>
			<LookAt>
				<gx:TimeStamp><when>2015-04-04</when>
</gx:TimeStamp>
				<gx:ViewerOptions>
					<gx:option name="historicalimagery"></gx:option>
					<gx:option enabled="0" name="sunlight"></gx:option>
					<gx:option enabled="0" name="streetview"></gx:option>
				</gx:ViewerOptions>
				<longitude>-114.0946269725121</longitude>
				<latitude>36.71529423972981</latitude>
				<altitude>0</altitude>
				<heading>-0.004033715038524995</heading>
				<tilt>45.38267049697964</tilt>
				<range>152.7375536959974</range>
				<gx:altitudeMode>relativeToSeaFloor</gx:altitudeMode>
			</LookAt>
			<styleUrl>#m_ylw-pushpin</styleUrl>
			<Point>
				<gx:drawOrder>1</gx:drawOrder>
				<coordinates>-114.094741665594,36.71513870360699,0</coordinates>
			</Point>
		</Placemark>
		<Placemark>
			<name>Untitled Placemark</name>
			<LookAt>
				<gx:TimeStamp><when>2015-04-04</when>
</gx:TimeStamp>
				<gx:ViewerOptions>
					<gx:option name="historicalimagery"></gx:option>
					<gx:option enabled="0" name="sunlight"></gx:option>
					<gx:option enabled="0" name="streetview"></gx:option>
				</gx:ViewerOptions>
				<longitude>-114.0946269725121</longitude>
				<latitude>36.71529423972981</latitude>
				<altitude>0</altitude>
				<heading>-0.004033715038524995</heading>
				<tilt>45.38267049697964</tilt>
				<range>152.7375536959974</range>
				<gx:altitudeMode>relativeToSeaFloor</gx:altitudeMode>
			</LookAt>
			<styleUrl>#m_ylw-pushpin</styleUrl>
			<Point>
				<gx:drawOrder>1</gx:drawOrder>
				<coordinates>-114.0946277950163,36.7150122763635,0</coordinates>
			</Point>
		</Placemark>
		<Placemark>
			<name>Untitled Placemark</name>
			<LookAt>
				<gx:TimeStamp><when>2015-04-04</when>
</gx:TimeStamp>
				<gx:ViewerOptions>
					<gx:option name="historicalimagery"></gx:option>
					<gx:option enabled="0" name="sunlight"></gx:option>
					<gx:option enabled="0" name="streetview"></gx:option>
				</gx:ViewerOptions>
				<longitude>-114.0941137209617</longitude>
				<latitude>36.71586942783612</latitude>
				<altitude>0</altitude>
				<heading>-0.003726872226824984</heading>
				<tilt>45.38275020832261</tilt>
				<range>165.2050148867405</range>
				<gx:altitudeMode>relativeToSeaFloor</gx:altitudeMode>
			</LookAt>
			<styleUrl>#m_ylw-pushpin</styleUrl>
			<Point>
				<gx:drawOrder>1</gx:drawOrder>
				<coordinates>-114.0944949414407,36.71541003137075,0</coordinates>
			</Point>
		</Placemark>
		<Placemark>
			<name>Untitled Placemark</name>
			<LookAt>
				<gx:TimeStamp><when>2015-04-04</when>
</gx:TimeStamp>
				<gx:ViewerOptions>
					<gx:option name="historicalimagery"></gx:option>
					<gx:option enabled="0" name="sunlight"></gx:option>
					<gx:option enabled="0" name="streetview"></gx:option>
				</gx:ViewerOptions>
				<longitude>-114.094126665441</longitude>
				<latitude>36.71546885025649</latitude>
				<altitude>0</altitude>
				<heading>-0.003734611601697967</heading>
				<tilt>45.38271845034108</tilt>
				<range>160.23782544709</range>
				<gx:altitudeMode>relativeToSeaFloor</gx:altitudeMode>
			</LookAt>
			<styleUrl>#m_ylw-pushpin</styleUrl>
			<Point>
				<gx:drawOrder>1</gx:drawOrder>
				<coordinates>-114.0942600832552,36.71523381555182,0</coordinates>
			</Point>
		</Placemark>
		<Placemark>
			<name>Untitled Placemark</name>
			<LookAt>
				<gx:TimeStamp><when>2015-04-04</when>
</gx:TimeStamp>
				<gx:ViewerOptions>
					<gx:option name="historicalimagery"></gx:option>
					<gx:option enabled="0" name="sunlight"></gx:option>
					<gx:option enabled="0" name="streetview"></gx:option>
				</gx:ViewerOptions>
				<longitude>-114.0937866415859</longitude>
				<latitude>36.7159756825943</latitude>
				<altitude>0</altitude>
				<heading>-0.0003413999634883677</heading>
				<tilt>50.99479054656225</tilt>
				<range>141.5836507811854</range>
				<gx:altitudeMode>relativeToSeaFloor</gx:altitudeMode>
			</LookAt>
			<styleUrl>#m_ylw-pushpin</styleUrl>
			<Point>
				<gx:drawOrder>1</gx:drawOrder>
				<coordinates>-114.0938552995551,36.71587378128898,0</coordinates>
			</Point>
		</Placemark>
		<Placemark>
			<name>Untitled Placemark</name>
			<LookAt>
				<gx:TimeStamp><when>2015-04-04</when>
</gx:TimeStamp>
				<gx:ViewerOptions>
					<gx:option name="historicalimagery"></gx:option>
					<gx:option enabled="0" name="sunlight"></gx:option>
					<gx:option enabled="0" name="streetview"></gx:option>
				</gx:ViewerOptions>
				<longitude>-114.0937866415859</longitude>
				<latitude>36.7159756825943</latitude>
				<altitude>0</altitude>
				<heading>-0.0003413999634883677</heading>
				<tilt>50.99479054656225</tilt>
				<range>141.5836507811854</range>
				<gx:altitudeMode>relativeToSeaFloor</gx:altitudeMode>
			</LookAt>
			<styleUrl>#m_ylw-pushpin</styleUrl>
			<Point>
				<gx:drawOrder>1</gx:drawOrder>
				<coordinates>-114.0937962855435,36.71565079118668,0</coordinates>
			</Point>
		</Placemark>
		<Placemark>
			<name>Untitled Placemark</name>
			<LookAt>
				<gx:TimeStamp><when>2015-04-04</when>
</gx:TimeStamp>
				<gx:ViewerOptions>
					<gx:option name="historicalimagery"></gx:option>
					<gx:option enabled="0" name="sunlight"></gx:option>
					<gx:option enabled="0" name="streetview"></gx:option>
				</gx:ViewerOptions>
				<longitude>-114.0932152161523</longitude>
				<latitude>36.71639679961275</latitude>
				<altitude>0</altitude>
				<heading>2.232133233431722e-07</heading>
				<tilt>50.99470588740284</tilt>
				<range>129.4545267105039</range>
				<gx:altitudeMode>relativeToSeaFloor</gx:altitudeMode>
			</LookAt>
			<styleUrl>#m_ylw-pushpin</styleUrl>
			<Point>
				<gx:drawOrder>1</gx:drawOrder>
				<coordinates>-114.0933789456742,36.71603681217805,0</coordinates>
			</Point>
		</Placemark>
		<Placemark>
			<name>Untitled Placemark</name>
			<LookAt>
				<gx:TimeStamp><when>2015-04-04</when>
</gx:TimeStamp>
				<gx:ViewerOptions>
					<gx:option name="historicalimagery"></gx:option>
					<gx:option enabled="0" name="sunlight"></gx:option>
					<gx:option enabled="0" name="streetview"></gx:option>
				</gx:ViewerOptions>
				<longitude>-114.0930844329048</longitude>
				<latitude>36.71625751115248</latitude>
				<altitude>0</altitude>
				<heading>7.84125926326646e-05</heading>
				<tilt>50.99469671866447</tilt>
				<range>128.1409343086711</range>
				<gx:altitudeMode>relativeToSeaFloor</gx:altitudeMode>
			</LookAt>
			<styleUrl>#m_ylw-pushpin</styleUrl>
			<Point>
				<gx:drawOrder>1</gx:drawOrder>
				<coordinates>-114.0931579061965,36.71597527213271,0</coordinates>
			</Point>
		</Placemark>
		<Placemark>
			<name>Untitled Placemark</name>
			<LookAt>
				<gx:TimeStamp><when>2015-04-04</when>
</gx:TimeStamp>
				<gx:ViewerOptions>
					<gx:option name="historicalimagery"></gx:option>
					<gx:option enabled="0" name="sunlight"></gx:option>
					<gx:option enabled="0" name="streetview"></gx:option>
				</gx:ViewerOptions>
				<longitude>-114.0928023693614</longitude>
				<latitude>36.71709558720305</latitude>
				<altitude>0</altitude>
				<heading>0.0002470444629563517</heading>
				<tilt>50.99476256285616</tilt>
				<range>137.5744505845899</range>
				<gx:altitudeMode>relativeToSeaFloor</gx:altitudeMode>
			</LookAt>
			<styleUrl>#m_ylw-pushpin</styleUrl>
			<Point>
				<gx:drawOrder>1</gx:drawOrder>
				<coordinates>-114.0929736628194,36.71699337595649,0</coordinates>
			</Point>
		</Placemark>
		<Placemark>
			<name>Untitled Placemark</name>
			<LookAt>
				<gx:TimeStamp><when>2015-04-04</when>
</gx:TimeStamp>
				<gx:ViewerOptions>
					<gx:option name="historicalimagery"></gx:option>
					<gx:option enabled="0" name="sunlight"></gx:option>
					<gx:option enabled="0" name="streetview"></gx:option>
				</gx:ViewerOptions>
				<longitude>-114.0928023693614</longitude>
				<latitude>36.71709558720305</latitude>
				<altitude>0</altitude>
				<heading>0.0002470444629563517</heading>
				<tilt>50.99476256285616</tilt>
				<range>137.5744505845899</range>
				<gx:altitudeMode>relativeToSeaFloor</gx:altitudeMode>
			</LookAt>
			<styleUrl>#m_ylw-pushpin</styleUrl>
			<Point>
				<gx:drawOrder>1</gx:drawOrder>
				<coordinates>-114.0927443895726,36.7168042392442,0</coordinates>
			</Point>
		</Placemark>
		<Placemark>
			<name>Untitled Placemark</name>
			<LookAt>
				<gx:TimeStamp><when>2015-04-04</when>
</gx:TimeStamp>
				<gx:ViewerOptions>
					<gx:option name="historicalimagery"></gx:option>
					<gx:option enabled="0" name="sunlight"></gx:option>
					<gx:option enabled="0" name="streetview"></gx:option>
				</gx:ViewerOptions>
				<longitude>-114.0926851606446</longitude>
				<latitude>36.71782236375162</latitude>
				<altitude>0</altitude>
				<heading>0.0003171197758284198</heading>
				<tilt>50.99483694985467</tilt>
				<range>148.2318131875003</range>
				<gx:altitudeMode>relativeToSeaFloor</gx:altitudeMode>
			</LookAt>
			<styleUrl>#m_ylw-pushpin</styleUrl>
			<Point>
				<gx:drawOrder>1</gx:drawOrder>
				<coordinates>-114.0928397309689,36.71744951108938,0</coordinates>
			</Point>
		</Placemark>
		<Placemark>
			<name>Untitled Placemark</name>
			<LookAt>
				<gx:TimeStamp><when>2015-04-04</when>
</gx:TimeStamp>
				<gx:ViewerOptions>
					<gx:option name="historicalimagery"></gx:option>
					<gx:option enabled="0" name="sunlight"></gx:option>
					<gx:option enabled="0" name="streetview"></gx:option>
				</gx:ViewerOptions>
				<longitude>-114.0923792708503</longitude>
				<latitude>36.71704923346172</latitude>
				<altitude>0</altitude>
				<heading>0.0004999994761740479</heading>
				<tilt>50.99477824130108</tilt>
				<range>139.8206731943069</range>
				<gx:altitudeMode>relativeToSeaFloor</gx:altitudeMode>
			</LookAt>
			<styleUrl>#m_ylw-pushpin</styleUrl>
			<Point>
				<gx:drawOrder>1</gx:drawOrder>
				<coordinates>-114.0925536929343,36.71726319989968,0</coordinates>
			</Point>
		</Placemark>
		<Placemark>
			<name>Untitled Placemark</name>
			<LookAt>
				<gx:TimeStamp><when>2015-04-04</when>
</gx:TimeStamp>
				<gx:ViewerOptions>
					<gx:option name="historicalimagery"></gx:option>
					<gx:option enabled="0" name="sunlight"></gx:option>
					<gx:option enabled="0" name="streetview"></gx:option>
				</gx:ViewerOptions>
				<longitude>-114.0921862016404</longitude>
				<latitude>36.7180671634455</latitude>
				<altitude>0</altitude>
				<heading>0.0006154318276519053</heading>
				<tilt>50.99488853394862</tilt>
				<range>155.6222676893962</range>
				<gx:altitudeMode>relativeToSeaFloor</gx:altitudeMode>
			</LookAt>
			<styleUrl>#m_ylw-pushpin</styleUrl>
			<Point>
				<gx:drawOrder>1</gx:drawOrder>
				<coordinates>-114.0925816197427,36.71793738767875,0</coordinates>
			</Point>
		</Placemark>
		<Placemark>
			<name>Untitled Placemark</name>
			<LookAt>
				<gx:TimeStamp><when>2015-04-04</when>
</gx:TimeStamp>
				<gx:ViewerOptions>
					<gx:option name="historicalimagery"></gx:option>
					<gx:option enabled="0" name="sunlight"></gx:option>
					<gx:option enabled="0" name="streetview"></gx:option>
				</gx:ViewerOptions>
				<longitude>-114.0921862016404</longitude>
				<latitude>36.7180671634455</latitude>
				<altitude>0</altitude>
				<heading>0.0006154318276519053</heading>
				<tilt>50.99488853394862</tilt>
				<range>155.6222676893962</range>
				<gx:altitudeMode>relativeToSeaFloor</gx:altitudeMode>
			</LookAt>
			<styleUrl>#m_ylw-pushpin</styleUrl>
			<Point>
				<gx:drawOrder>1</gx:drawOrder>
				<coordinates>-114.0923408292536,36.71776995252538,0</coordinates>
			</Point>
		</Placemark>
		<Placemark>
			<name>Untitled Placemark</name>
			<LookAt>
				<gx:TimeStamp><when>2015-04-04</when>
</gx:TimeStamp>
				<gx:ViewerOptions>
					<gx:option name="historicalimagery"></gx:option>
					<gx:option enabled="0" name="sunlight"></gx:option>
					<gx:option enabled="0" name="streetview"></gx:option>
				</gx:ViewerOptions>
				<longitude>-114.0922644992654</longitude>
				<latitude>36.71846284293893</latitude>
				<altitude>0</altitude>
				<heading>0.0005686167312522646</heading>
				<tilt>50.99486912769408</tilt>
				<range>152.8419708405039</range>
				<gx:altitudeMode>relativeToSeaFloor</gx:altitudeMode>
			</LookAt>
			<styleUrl>#m_ylw-pushpin</styleUrl>
			<Point>
				<gx:drawOrder>1</gx:drawOrder>
				<coordinates>-114.0923938790745,36.71830382718441,0</coordinates>
			</Point>
		</Placemark>
		<Placemark>
			<name>Untitled Placemark</name>
			<LookAt>
				<gx:TimeStamp><when>2015-04-04</when>
</gx:TimeStamp>
				<gx:ViewerOptions>
					<gx:option name="historicalimagery"></gx:option>
					<gx:option enabled="0" name="sunlight"></gx:option>
					<gx:option enabled="0" name="streetview"></gx:option>
				</gx:ViewerOptions>
				<longitude>-114.0922644992654</longitude>
				<latitude>36.71846284293893</latitude>
				<altitude>0</altitude>
				<heading>0.0005686167312522646</heading>
				<tilt>50.99486912769408</tilt>
				<range>152.8419708405039</range>
				<gx:altitudeMode>relativeToSeaFloor</gx:altitudeMode>
			</LookAt>
			<styleUrl>#m_ylw-pushpin</styleUrl>
			<Point>
				<gx:drawOrder>1</gx:drawOrder>
				<coordinates>-114.0921176580654,36.71809449110285,0</coordinates>
			</Point>
		</Placemark>
		<Placemark>
			<name>Untitled Placemark</name>
			<LookAt>
				<gx:TimeStamp><when>2015-04-04</when>
</gx:TimeStamp>
				<gx:ViewerOptions>
					<gx:option name="historicalimagery"></gx:option>
					<gx:option enabled="0" name="sunlight"></gx:option>
					<gx:option enabled="0" name="streetview"></gx:option>
				</gx:ViewerOptions>
				<longitude>-114.0916125108629</longitude>
				<latitude>36.71929738915706</latitude>
				<altitude>0</altitude>
				<heading>0.0009584320906352536</heading>
				<tilt>50.99505608460273</tilt>
				<range>179.6270458139096</range>
				<gx:altitudeMode>relativeToSeaFloor</gx:altitudeMode>
			</LookAt>
			<styleUrl>#m_ylw-pushpin</styleUrl>
			<Point>
				<gx:drawOrder>1</gx:drawOrder>
				<coordinates>-114.0920230168658,36.71885482998155,0</coordinates>
			</Point>
		</Placemark>
		<Placemark>
			<name>Untitled Placemark</name>
			<LookAt>
				<gx:TimeStamp><when>2015-04-04</when>
</gx:TimeStamp>
				<gx:ViewerOptions>
					<gx:option name="historicalimagery"></gx:option>
					<gx:option enabled="0" name="sunlight"></gx:option>
					<gx:option enabled="0" name="streetview"></gx:option>
				</gx:ViewerOptions>
				<longitude>-114.0915221212714</longitude>
				<latitude>36.71938019897386</latitude>
				<altitude>0</altitude>
				<heading>0.001012475359841457</heading>
				<tilt>50.99508304579108</tilt>
				<range>183.4897304360188</range>
				<gx:altitudeMode>relativeToSeaFloor</gx:altitudeMode>
			</LookAt>
			<styleUrl>#m_ylw-pushpin</styleUrl>
			<Point>
				<gx:drawOrder>1</gx:drawOrder>
				<coordinates>-114.0916501862478,36.71886054068379,0</coordinates>
			</Point>
		</Placemark>
		<Placemark>
			<name>Untitled Placemark</name>
			<LookAt>
				<gx:TimeStamp><when>2015-04-04</when>
</gx:TimeStamp>
				<gx:ViewerOptions>
					<gx:option name="historicalimagery"></gx:option>
					<gx:option enabled="0" name="sunlight"></gx:option>
					<gx:option enabled="0" name="streetview"></gx:option>
				</gx:ViewerOptions>
				<longitude>-114.0904532582334</longitude>
				<latitude>36.72277425133257</latitude>
				<altitude>0</altitude>
				<heading>0.00327991413179139</heading>
				<tilt>54.24565620268339</tilt>
				<range>347.9901892976401</range>
				<gx:altitudeMode>relativeToSeaFloor</gx:altitudeMode>
			</LookAt>
			<styleUrl>#m_ylw-pushpin</styleUrl>
			<Point>
				<gx:drawOrder>1</gx:drawOrder>
				<coordinates>-114.0908499206284,36.72212573119003,0</coordinates>
			</Point>
		</Placemark>
		<Placemark>
			<name>Untitled Placemark</name>
			<LookAt>
				<gx:TimeStamp><when>2015-04-04</when>
</gx:TimeStamp>
				<gx:ViewerOptions>
					<gx:option name="historicalimagery"></gx:option>
					<gx:option enabled="0" name="sunlight"></gx:option>
					<gx:option enabled="0" name="streetview"></gx:option>
				</gx:ViewerOptions>
				<longitude>-114.0904532582334</longitude>
				<latitude>36.72277425133257</latitude>
				<altitude>0</altitude>
				<heading>0.00327991413179139</heading>
				<tilt>54.24565620268339</tilt>
				<range>347.9901892976401</range>
				<gx:altitudeMode>relativeToSeaFloor</gx:altitudeMode>
			</LookAt>
			<styleUrl>#m_ylw-pushpin</styleUrl>
			<Point>
				<gx:drawOrder>1</gx:drawOrder>
				<coordinates>-114.0905588071649,36.72189985668458,0</coordinates>
			</Point>
		</Placemark>
		<Placemark>
			<name>Untitled Placemark</name>
			<LookAt>
				<gx:TimeStamp><when>2015-04-04</when>
</gx:TimeStamp>
				<gx:ViewerOptions>
					<gx:option name="historicalimagery"></gx:option>
					<gx:option enabled="0" name="sunlight"></gx:option>
					<gx:option enabled="0" name="streetview"></gx:option>
				</gx:ViewerOptions>
				<longitude>-114.0898721564959</longitude>
				<latitude>36.72583237933368</latitude>
				<altitude>0</altitude>
				<heading>3.822229939967573e-05</heading>
				<tilt>47.46264871395946</tilt>
				<range>115.8143615898201</range>
				<gx:altitudeMode>relativeToSeaFloor</gx:altitudeMode>
			</LookAt>
			<styleUrl>#m_ylw-pushpin</styleUrl>
			<Point>
				<gx:drawOrder>1</gx:drawOrder>
				<coordinates>-114.0898721564959,36.72583237933368,0</coordinates>
			</Point>
		</Placemark>
		<Placemark>
			<name>Untitled Placemark</name>
			<LookAt>
				<gx:TimeStamp><when>2015-04-04</when>
</gx:TimeStamp>
				<gx:ViewerOptions>
					<gx:option name="historicalimagery"></gx:option>
					<gx:option enabled="0" name="sunlight"></gx:option>
					<gx:option enabled="0" name="streetview"></gx:option>
				</gx:ViewerOptions>
				<longitude>-114.0895908267069</longitude>
				<latitude>36.72585870557167</latitude>
				<altitude>0</altitude>
				<heading>0.0002064876876032423</heading>
				<tilt>47.46389984266564</tilt>
				<range>304.922753149873</range>
				<gx:altitudeMode>relativeToSeaFloor</gx:altitudeMode>
			</LookAt>
			<styleUrl>#m_ylw-pushpin</styleUrl>
			<Point>
				<gx:drawOrder>1</gx:drawOrder>
				<coordinates>-114.0897870492364,36.72530772809255,0</coordinates>
			</Point>
		</Placemark>
		<Placemark>
			<name>Untitled Placemark</name>
			<LookAt>
				<gx:TimeStamp><when>2015-04-04</when>
</gx:TimeStamp>
				<gx:ViewerOptions>
					<gx:option name="historicalimagery"></gx:option>
					<gx:option enabled="0" name="sunlight"></gx:option>
					<gx:option enabled="0" name="streetview"></gx:option>
				</gx:ViewerOptions>
				<longitude>-114.0869383046891</longitude>
				<latitude>36.72623638884642</latitude>
				<altitude>0</altitude>
				<heading>0.001026288253017997</heading>
				<tilt>46.18411366450877</tilt>
				<range>151.8209542457987</range>
				<gx:altitudeMode>relativeToSeaFloor</gx:altitudeMode>
			</LookAt>
			<styleUrl>#m_ylw-pushpin</styleUrl>
			<Point>
				<gx:drawOrder>1</gx:drawOrder>
				<coordinates>-114.0871312608038,36.72586286726891,0</coordinates>
			</Point>
		</Placemark>
		<Placemark>
			<name>Untitled Placemark</name>
			<LookAt>
				<gx:TimeStamp><when>2015-04-04</when>
</gx:TimeStamp>
				<gx:ViewerOptions>
					<gx:option name="historicalimagery"></gx:option>
					<gx:option enabled="0" name="sunlight"></gx:option>
					<gx:option enabled="0" name="streetview"></gx:option>
				</gx:ViewerOptions>
				<longitude>-114.0866317012879</longitude>
				<latitude>36.72584150147881</latitude>
				<altitude>0</altitude>
				<heading>0.001209631959964983</heading>
				<tilt>46.18409590670392</tilt>
				<range>149.08105022031</range>
				<gx:altitudeMode>relativeToSeaFloor</gx:altitudeMode>
			</LookAt>
			<styleUrl>#m_ylw-pushpin</styleUrl>
			<Point>
				<gx:drawOrder>1</gx:drawOrder>
				<coordinates>-114.0869164730517,36.72563363002688,0</coordinates>
			</Point>
		</Placemark>
		<Placemark>
			<name>Untitled Placemark</name>
			<LookAt>
				<gx:TimeStamp><when>2015-04-04</when>
</gx:TimeStamp>
				<gx:ViewerOptions>
					<gx:option name="historicalimagery"></gx:option>
					<gx:option enabled="0" name="sunlight"></gx:option>
					<gx:option enabled="0" name="streetview"></gx:option>
				</gx:ViewerOptions>
				<longitude>-114.0853942796689</longitude>
				<latitude>36.72722073638302</latitude>
				<altitude>0</altitude>
				<heading>0.001949611320440755</heading>
				<tilt>46.18421085330124</tilt>
				<range>166.8164260937228</range>
				<gx:altitudeMode>relativeToSeaFloor</gx:altitudeMode>
			</LookAt>
			<styleUrl>#m_ylw-pushpin</styleUrl>
			<Point>
				<gx:drawOrder>1</gx:drawOrder>
				<coordinates>-114.0853325019638,36.72687890035269,0</coordinates>
			</Point>
		</Placemark>
		<Placemark>
			<name>Untitled Placemark</name>
			<LookAt>
				<gx:TimeStamp><when>2015-04-04</when>
</gx:TimeStamp>
				<gx:ViewerOptions>
					<gx:option name="historicalimagery"></gx:option>
					<gx:option enabled="0" name="sunlight"></gx:option>
					<gx:option enabled="0" name="streetview"></gx:option>
				</gx:ViewerOptions>
				<longitude>-114.0853942796689</longitude>
				<latitude>36.72722073638302</latitude>
				<altitude>0</altitude>
				<heading>0.001949611320440755</heading>
				<tilt>46.18421085330124</tilt>
				<range>166.8164260937228</range>
				<gx:altitudeMode>relativeToSeaFloor</gx:altitudeMode>
			</LookAt>
			<styleUrl>#m_ylw-pushpin</styleUrl>
			<Point>
				<gx:drawOrder>1</gx:drawOrder>
				<coordinates>-114.0855830553207,36.72676119967803,0</coordinates>
			</Point>
		</Placemark>
		<Placemark>
			<name>Untitled Placemark</name>
			<LookAt>
				<gx:TimeStamp><when>2015-04-04</when>
</gx:TimeStamp>
				<gx:ViewerOptions>
					<gx:option name="historicalimagery"></gx:option>
					<gx:option enabled="0" name="sunlight"></gx:option>
					<gx:option enabled="0" name="streetview"></gx:option>
				</gx:ViewerOptions>
				<longitude>-114.0845734223431</longitude>
				<latitude>36.72656047359584</latitude>
				<altitude>0</altitude>
				<heading>0.002189788597756087</heading>
				<tilt>45.77558186343626</tilt>
				<range>177.6939423162471</range>
				<gx:altitudeMode>relativeToSeaFloor</gx:altitudeMode>
			</LookAt>
			<styleUrl>#m_ylw-pushpin</styleUrl>
			<Point>
				<gx:drawOrder>1</gx:drawOrder>
				<coordinates>-114.0844780347675,36.72628590218767,0</coordinates>
			</Point>
		</Placemark>
		<Placemark>
			<name>Untitled Placemark</name>
			<LookAt>
				<gx:TimeStamp><when>2015-04-04</when>
</gx:TimeStamp>
				<gx:ViewerOptions>
					<gx:option name="historicalimagery"></gx:option>
					<gx:option enabled="0" name="sunlight"></gx:option>
					<gx:option enabled="0" name="streetview"></gx:option>
				</gx:ViewerOptions>
				<longitude>-114.0845734223431</longitude>
				<latitude>36.72656047359584</latitude>
				<altitude>0</altitude>
				<heading>0.002189788597756087</heading>
				<tilt>45.77558186343626</tilt>
				<range>177.6939423162471</range>
				<gx:altitudeMode>relativeToSeaFloor</gx:altitudeMode>
			</LookAt>
			<styleUrl>#m_ylw-pushpin</styleUrl>
			<Point>
				<gx:drawOrder>1</gx:drawOrder>
				<coordinates>-114.084623156481,36.72593801352183,0</coordinates>
			</Point>
		</Placemark>
		<Placemark>
			<name>Untitled Placemark</name>
			<LookAt>
				<gx:TimeStamp><when>2015-04-04</when>
</gx:TimeStamp>
				<gx:ViewerOptions>
					<gx:option name="historicalimagery"></gx:option>
					<gx:option enabled="0" name="sunlight"></gx:option>
					<gx:option enabled="0" name="streetview"></gx:option>
				</gx:ViewerOptions>
				<longitude>-114.0818144618816</longitude>
				<latitude>36.72457072291218</latitude>
				<altitude>0</altitude>
				<heading>-0.004152060116568197</heading>
				<tilt>38.02528977716009</tilt>
				<range>114.2712005498004</range>
				<gx:altitudeMode>relativeToSeaFloor</gx:altitudeMode>
			</LookAt>
			<styleUrl>#m_ylw-pushpin</styleUrl>
			<Point>
				<gx:drawOrder>1</gx:drawOrder>
				<coordinates>-114.0818012577587,36.72440604721385,0</coordinates>
			</Point>
		</Placemark>
		<Placemark>
			<name>Untitled Placemark</name>
			<LookAt>
				<gx:TimeStamp><when>2015-04-04</when>
</gx:TimeStamp>
				<gx:ViewerOptions>
					<gx:option name="historicalimagery"></gx:option>
					<gx:option enabled="0" name="sunlight"></gx:option>
					<gx:option enabled="0" name="streetview"></gx:option>
				</gx:ViewerOptions>
				<longitude>-114.0818144618816</longitude>
				<latitude>36.72457072291218</latitude>
				<altitude>0</altitude>
				<heading>-0.004152060116568197</heading>
				<tilt>38.02528977716009</tilt>
				<range>114.2712005498004</range>
				<gx:altitudeMode>relativeToSeaFloor</gx:altitudeMode>
			</LookAt>
			<styleUrl>#m_ylw-pushpin</styleUrl>
			<Point>
				<gx:drawOrder>1</gx:drawOrder>
				<coordinates>-114.0820635462371,36.72423119935703,0</coordinates>
			</Point>
		</Placemark>
		<Placemark>
			<name>Untitled Placemark</name>
			<LookAt>
				<gx:TimeStamp><when>2015-04-04</when>
</gx:TimeStamp>
				<gx:ViewerOptions>
					<gx:option name="historicalimagery"></gx:option>
					<gx:option enabled="0" name="sunlight"></gx:option>
					<gx:option enabled="0" name="streetview"></gx:option>
				</gx:ViewerOptions>
				<longitude>-114.1090686418388</longitude>
				<latitude>36.69693366271191</latitude>
				<altitude>0</altitude>
				<heading>-0.02964381882180374</heading>
				<tilt>31.26126136135675</tilt>
				<range>143.6220960379481</range>
				<gx:altitudeMode>relativeToSeaFloor</gx:altitudeMode>
			</LookAt>
			<styleUrl>#m_ylw-pushpin</styleUrl>
			<Point>
				<gx:drawOrder>1</gx:drawOrder>
				<coordinates>-114.1094379887062,36.69731203665143,0</coordinates>
			</Point>
		</Placemark>
		<Placemark>
			<name>Untitled Placemark</name>
			<LookAt>
				<gx:TimeStamp><when>2015-04-04</when>
</gx:TimeStamp>
				<gx:ViewerOptions>
					<gx:option name="historicalimagery"></gx:option>
					<gx:option enabled="0" name="sunlight"></gx:option>
					<gx:option enabled="0" name="streetview"></gx:option>
				</gx:ViewerOptions>
				<longitude>-114.1090686418404</longitude>
				<latitude>36.69693366272155</latitude>
				<altitude>0</altitude>
				<heading>-0.02964381882476483</heading>
				<tilt>31.26126136136636</tilt>
				<range>143.622096540498</range>
				<gx:altitudeMode>relativeToSeaFloor</gx:altitudeMode>
			</LookAt>
			<styleUrl>#m_ylw-pushpin</styleUrl>
			<Point>
				<gx:drawOrder>1</gx:drawOrder>
				<coordinates>-114.10892260743,36.6971891463396,0</coordinates>
			</Point>
		</Placemark>
		<Placemark>
			<name>Untitled Placemark</name>
			<LookAt>
				<gx:TimeStamp><when>2015-04-04</when>
</gx:TimeStamp>
				<gx:ViewerOptions>
					<gx:option name="historicalimagery"></gx:option>
					<gx:option enabled="0" name="sunlight"></gx:option>
					<gx:option enabled="0" name="streetview"></gx:option>
				</gx:ViewerOptions>
				<longitude>-114.1076991488075</longitude>
				<latitude>36.68879625901616</latitude>
				<altitude>0</altitude>
				<heading>-0.00045377066593102</heading>
				<tilt>53.08574181711978</tilt>
				<range>188.5974954722596</range>
				<gx:altitudeMode>relativeToSeaFloor</gx:altitudeMode>
			</LookAt>
			<styleUrl>#m_ylw-pushpin</styleUrl>
			<Point>
				<gx:drawOrder>1</gx:drawOrder>
				<coordinates>-114.1080661222506,36.68811204310767,0</coordinates>
			</Point>
		</Placemark>
		<Placemark>
			<name>Untitled Placemark</name>
			<LookAt>
				<gx:TimeStamp><when>2015-04-04</when>
</gx:TimeStamp>
				<gx:ViewerOptions>
					<gx:option name="historicalimagery"></gx:option>
					<gx:option enabled="0" name="sunlight"></gx:option>
					<gx:option enabled="0" name="streetview"></gx:option>
				</gx:ViewerOptions>
				<longitude>-114.1076991488075</longitude>
				<latitude>36.68879625901616</latitude>
				<altitude>0</altitude>
				<heading>-0.00045377066593102</heading>
				<tilt>53.08574181711978</tilt>
				<range>188.5974954722596</range>
				<gx:altitudeMode>relativeToSeaFloor</gx:altitudeMode>
			</LookAt>
			<styleUrl>#m_ylw-pushpin</styleUrl>
			<Point>
				<gx:drawOrder>1</gx:drawOrder>
				<coordinates>-114.107881439868,36.68865988027373,0</coordinates>
			</Point>
		</Placemark>
		<Placemark>
			<name>Untitled Placemark</name>
			<LookAt>
				<gx:TimeStamp><when>2015-04-04</when>
</gx:TimeStamp>
				<gx:ViewerOptions>
					<gx:option name="historicalimagery"></gx:option>
					<gx:option enabled="0" name="sunlight"></gx:option>
					<gx:option enabled="0" name="streetview"></gx:option>
				</gx:ViewerOptions>
				<longitude>-114.1057437201228</longitude>
				<latitude>36.68738851146793</latitude>
				<altitude>0</altitude>
				<heading>0.002266037441991555</heading>
				<tilt>54.91962772085507</tilt>
				<range>237.3512059603804</range>
				<gx:altitudeMode>relativeToSeaFloor</gx:altitudeMode>
			</LookAt>
			<styleUrl>#m_ylw-pushpin</styleUrl>
			<Point>
				<gx:drawOrder>1</gx:drawOrder>
				<coordinates>-114.1064522037108,36.68676836372538,0</coordinates>
			</Point>
		</Placemark>
		<Placemark>
			<name>Untitled Placemark</name>
			<LookAt>
				<gx:TimeStamp><when>2015-04-04</when>
</gx:TimeStamp>
				<gx:ViewerOptions>
					<gx:option name="historicalimagery"></gx:option>
					<gx:option enabled="0" name="sunlight"></gx:option>
					<gx:option enabled="0" name="streetview"></gx:option>
				</gx:ViewerOptions>
				<longitude>-114.1057437201228</longitude>
				<latitude>36.68738851146793</latitude>
				<altitude>0</altitude>
				<heading>0.002266037441991555</heading>
				<tilt>54.91962772085507</tilt>
				<range>237.3512059603804</range>
				<gx:altitudeMode>relativeToSeaFloor</gx:altitudeMode>
			</LookAt>
			<styleUrl>#m_ylw-pushpin</styleUrl>
			<Point>
				<gx:drawOrder>1</gx:drawOrder>
				<coordinates>-114.1059887027528,36.68733737909984,0</coordinates>
			</Point>
		</Placemark>
		<Placemark>
			<name>Untitled Placemark</name>
			<LookAt>
				<gx:TimeStamp><when>2015-04-04</when>
</gx:TimeStamp>
				<gx:ViewerOptions>
					<gx:option name="historicalimagery"></gx:option>
					<gx:option enabled="0" name="sunlight"></gx:option>
					<gx:option enabled="0" name="streetview"></gx:option>
				</gx:ViewerOptions>
				<longitude>-114.0809222429491</longitude>
				<latitude>36.68560969387482</latitude>
				<altitude>0</altitude>
				<heading>0.01778466187169797</heading>
				<tilt>60.00250985413431</tilt>
				<range>322.7197808494371</range>
				<gx:altitudeMode>relativeToSeaFloor</gx:altitudeMode>
			</LookAt>
			<styleUrl>#m_ylw-pushpin</styleUrl>
			<Point>
				<gx:drawOrder>1</gx:drawOrder>
				<coordinates>-114.0806583373223,36.68471706377259,0</coordinates>
			</Point>
		</Placemark>
		<Placemark>
			<name>Untitled Placemark</name>
			<LookAt>
				<gx:TimeStamp><when>2015-04-04</when>
</gx:TimeStamp>
				<gx:ViewerOptions>
					<gx:option name="historicalimagery"></gx:option>
					<gx:option enabled="0" name="sunlight"></gx:option>
					<gx:option enabled="0" name="streetview"></gx:option>
				</gx:ViewerOptions>
				<longitude>-114.0809222429491</longitude>
				<latitude>36.68560969387482</latitude>
				<altitude>0</altitude>
				<heading>0.01778466187169797</heading>
				<tilt>60.00250985413431</tilt>
				<range>322.7197808494371</range>
				<gx:altitudeMode>relativeToSeaFloor</gx:altitudeMode>
			</LookAt>
			<styleUrl>#m_ylw-pushpin</styleUrl>
			<Point>
				<gx:drawOrder>1</gx:drawOrder>
				<coordinates>-114.0803889527295,36.68422326585415,0</coordinates>
			</Point>
		</Placemark>
		<Placemark>
			<name>Untitled Placemark</name>
			<LookAt>
				<gx:TimeStamp><when>2015-04-04</when>
</gx:TimeStamp>
				<gx:ViewerOptions>
					<gx:option name="historicalimagery"></gx:option>
					<gx:option enabled="0" name="sunlight"></gx:option>
					<gx:option enabled="0" name="streetview"></gx:option>
				</gx:ViewerOptions>
				<longitude>-114.0860541436215</longitude>
				<latitude>36.68594549724862</latitude>
				<altitude>0</altitude>
				<heading>0.01471869834621287</heading>
				<tilt>60.00174562408288</tilt>
				<range>224.3827261652802</range>
				<gx:altitudeMode>relativeToSeaFloor</gx:altitudeMode>
			</LookAt>
			<styleUrl>#m_ylw-pushpin</styleUrl>
			<Point>
				<gx:drawOrder>1</gx:drawOrder>
				<coordinates>-114.0860541436215,36.68594549724862,0</coordinates>
			</Point>
		</Placemark>
		<Placemark>
			<name>Untitled Placemark</name>
			<LookAt>
				<gx:TimeStamp><when>2015-04-04</when>
</gx:TimeStamp>
				<gx:ViewerOptions>
					<gx:option name="historicalimagery"></gx:option>
					<gx:option enabled="0" name="sunlight"></gx:option>
					<gx:option enabled="0" name="streetview"></gx:option>
				</gx:ViewerOptions>
				<longitude>-114.0860541436215</longitude>
				<latitude>36.68594549724862</latitude>
				<altitude>0</altitude>
				<heading>0.01471869834621287</heading>
				<tilt>60.00174562408288</tilt>
				<range>224.3827261652802</range>
				<gx:altitudeMode>relativeToSeaFloor</gx:altitudeMode>
			</LookAt>
			<styleUrl>#m_ylw-pushpin</styleUrl>
			<Point>
				<gx:drawOrder>1</gx:drawOrder>
				<coordinates>-114.0861804285599,36.68515074223409,0</coordinates>
			</Point>
		</Placemark>
		<Placemark>
			<name>Untitled Placemark</name>
			<LookAt>
				<gx:TimeStamp><when>2015-04-04</when>
</gx:TimeStamp>
				<gx:ViewerOptions>
					<gx:option name="historicalimagery"></gx:option>
					<gx:option enabled="0" name="sunlight"></gx:option>
					<gx:option enabled="0" name="streetview"></gx:option>
				</gx:ViewerOptions>
				<longitude>-114.0861634425594</longitude>
				<latitude>36.68795154108157</latitude>
				<altitude>0</altitude>
				<heading>0.01465342939930436</heading>
				<tilt>60.00144844357872</tilt>
				<range>186.177520775795</range>
				<gx:altitudeMode>relativeToSeaFloor</gx:altitudeMode>
			</LookAt>
			<styleUrl>#m_ylw-pushpin</styleUrl>
			<Point>
				<gx:drawOrder>1</gx:drawOrder>
				<coordinates>-114.0863256901005,36.68744221110808,0</coordinates>
			</Point>
		</Placemark>
		<Placemark>
			<name>Untitled Placemark</name>
			<LookAt>
				<gx:TimeStamp><when>2015-04-04</when>
</gx:TimeStamp>
				<gx:ViewerOptions>
					<gx:option name="historicalimagery"></gx:option>
					<gx:option enabled="0" name="sunlight"></gx:option>
					<gx:option enabled="0" name="streetview"></gx:option>
				</gx:ViewerOptions>
				<longitude>-114.0861634425594</longitude>
				<latitude>36.68795154108157</latitude>
				<altitude>0</altitude>
				<heading>0.01465342939930436</heading>
				<tilt>60.00144844357872</tilt>
				<range>186.177520775795</range>
				<gx:altitudeMode>relativeToSeaFloor</gx:altitudeMode>
			</LookAt>
			<styleUrl>#m_ylw-pushpin</styleUrl>
			<Point>
				<gx:drawOrder>1</gx:drawOrder>
				<coordinates>-114.0867447266941,36.68775146411942,0</coordinates>
			</Point>
		</Placemark>
		<Placemark>
			<name>Untitled Placemark</name>
			<LookAt>
				<gx:TimeStamp><when>2015-04-04</when>
</gx:TimeStamp>
				<gx:ViewerOptions>
					<gx:option name="historicalimagery"></gx:option>
					<gx:option enabled="0" name="sunlight"></gx:option>
					<gx:option enabled="0" name="streetview"></gx:option>
				</gx:ViewerOptions>
				<longitude>-114.080910452167</longitude>
				<latitude>36.68922528414639</latitude>
				<altitude>0</altitude>
				<heading>0.01770096074667129</heading>
				<tilt>60.0012592772533</tilt>
				<range>161.8939972776485</range>
				<gx:altitudeMode>relativeToSeaFloor</gx:altitudeMode>
			</LookAt>
			<styleUrl>#m_ylw-pushpin</styleUrl>
			<Point>
				<gx:drawOrder>1</gx:drawOrder>
				<coordinates>-114.0813138609821,36.68906346147081,0</coordinates>
			</Point>
		</Placemark>
		<Placemark>
			<name>Untitled Placemark</name>
			<LookAt>
				<gx:TimeStamp><when>2015-04-04</when>
</gx:TimeStamp>
				<gx:ViewerOptions>
					<gx:option name="historicalimagery"></gx:option>
					<gx:option enabled="0" name="sunlight"></gx:option>
					<gx:option enabled="0" name="streetview"></gx:option>
				</gx:ViewerOptions>
				<longitude>-114.080910452167</longitude>
				<latitude>36.68922528414639</latitude>
				<altitude>0</altitude>
				<heading>0.01770096074667129</heading>
				<tilt>60.0012592772533</tilt>
				<range>161.8939972776485</range>
				<gx:altitudeMode>relativeToSeaFloor</gx:altitudeMode>
			</LookAt>
			<styleUrl>#m_ylw-pushpin</styleUrl>
			<Point>
				<gx:drawOrder>1</gx:drawOrder>
				<coordinates>-114.0806389387157,36.68867116718941,0</coordinates>
			</Point>
		</Placemark>

	<Placemark>
		<name>Untitled Placemark</name>
		<styleUrl>#m_ylw-pushpin</styleUrl>
		<Point>
			<gx:drawOrder>1</gx:drawOrder>
			<coordinates>-118.4643921991152,34.77561738218445,0</coordinates>
		</Point>
	</Placemark>
	<Placemark>
		<name>Untitled Placemark</name>
		<styleUrl>#m_ylw-pushpin</styleUrl>
		<Point>
			<gx:drawOrder>1</gx:drawOrder>
			<coordinates>-118.4646483133537,34.77623907524449,0</coordinates>
		</Point>
	</Placemark>
	<Placemark>
		<name>Untitled Placemark</name>
		<styleUrl>#m_ylw-pushpin</styleUrl>
		<Point>
			<gx:drawOrder>1</gx:drawOrder>
			<coordinates>-118.4620305934397,34.7762078722111,0</coordinates>
		</Point>
	</Placemark>
	<Placemark>
		<name>Untitled Placemark</name>
		<styleUrl>#m_ylw-pushpin</styleUrl>
		<Point>
			<gx:drawOrder>1</gx:drawOrder>
			<coordinates>-118.4624964771785,34.77643924831614,0</coordinates>
		</Point>
	</Placemark>
	<Placemark>
		<name>Untitled Placemark</name>
		<styleUrl>#m_ylw-pushpin</styleUrl>
		<Point>
			<gx:drawOrder>1</gx:drawOrder>
			<coordinates>-118.4610654794996,34.77784632521374,0</coordinates>
		</Point>
	</Placemark>
	<Placemark>
		<name>Untitled Placemark</name>
		<styleUrl>#m_ylw-pushpin</styleUrl>
		<Point>
			<gx:drawOrder>1</gx:drawOrder>
			<coordinates>-118.461412814671,34.77732215444003,0</coordinates>
		</Point>
	</Placemark>
	<Placemark>
		<name>Untitled Placemark</name>
		<styleUrl>#m_ylw-pushpin</styleUrl>
		<Point>
			<gx:drawOrder>1</gx:drawOrder>
			<coordinates>-118.4607174949169,34.77998813614376,0</coordinates>
		</Point>
	</Placemark>
	<Placemark>
		<name>Untitled Placemark</name>
		<styleUrl>#m_ylw-pushpin</styleUrl>
		<Point>
			<gx:drawOrder>1</gx:drawOrder>
			<coordinates>-118.4612450924435,34.7793652401302,0</coordinates>
		</Point>
	</Placemark>
	<Placemark>
		<name>Untitled Placemark</name>
		<styleUrl>#m_ylw-pushpin</styleUrl>
		<Point>
			<gx:drawOrder>1</gx:drawOrder>
			<coordinates>-118.4639199497755,34.7811475573229,0</coordinates>
		</Point>
	</Placemark>
	<Placemark>
		<name>Untitled Placemark</name>
		<styleUrl>#m_ylw-pushpin</styleUrl>
		<Point>
			<gx:drawOrder>1</gx:drawOrder>
			<coordinates>-118.464037071397,34.78034353769587,0</coordinates>
		</Point>
	</Placemark>
	<Placemark>
		<name>Untitled Placemark</name>
		<styleUrl>#m_ylw-pushpin</styleUrl>
		<Point>
			<gx:drawOrder>1</gx:drawOrder>
			<coordinates>-118.4655354028991,34.78039395936567,0</coordinates>
		</Point>
	</Placemark>
	<Placemark>
		<name>Untitled Placemark</name>
		<styleUrl>#m_ylw-pushpin</styleUrl>
		<Point>
			<gx:drawOrder>1</gx:drawOrder>
			<coordinates>-118.4652986594069,34.77990437897324,0</coordinates>
		</Point>
	</Placemark>
	<Placemark>
		<name>Untitled Placemark</name>
		<styleUrl>#m_ylw-pushpin</styleUrl>
		<Point>
			<gx:drawOrder>1</gx:drawOrder>
			<coordinates>-118.4657437005402,34.77590590843897,0</coordinates>
		</Point>
	</Placemark>
	<Placemark>
		<name>Untitled Placemark</name>
		<styleUrl>#m_ylw-pushpin</styleUrl>
		<Point>
			<gx:drawOrder>1</gx:drawOrder>
			<coordinates>-118.4656056382533,34.77565934046927,0</coordinates>
		</Point>
	</Placemark>
	</Folder>
</Document>
</kml>
